Titel,Streetname,Postalcode,Location,Price
4 ½ Zimmer-Wohnung in Luzern kaufen,Luzern,6006,Luzern,1190000
3 ½ Zimmer-Wohnung in Luzern mieten,Moosmattstrasse 49,6005,Luzern,2050
4 ½ Zimmer-Attikawohnung in Luzern mieten,Reussinsel 40,6003,Luzern,2480
2 ½ Zimmer-Wohnung in Kriens mieten,Gärtnerweg 1,6010,Kriens,1330
2 Zimmer-Wohnung in Nottwil mieten,Storenhof 1,6207,Nottwil,800
3 Zimmer-Wohnung in Luzern mieten,Habsburgerstrasse 11,6003,Luzern,1540
3 Zimmer-Wohnung in Luzern mieten,Würzenbachstr. 48,6006,Luzern,1460
2 ½ Zimmer-Wohnung in Emmen mieten,Allmendli 1,6032,Emmen,1136
4 Zimmer-Wohnung in Luzern mieten,Kauffmannweg 26,6003,Luzern,1790
3 ½ Zimmer-Wohnung in Kriens mieten,Horwerstrasse 74a,6010,Kriens,1690
2 ½ Zimmer-Wohnung in Luzern mieten,Alpenquai 36,6005,Luzern,1327
4 Zimmer-Wohnung in Hellbühl mieten,no street available,6016,Hellbühl,1290
1 ½ Zimmer-Wohnung in Rotkreuz mieten,no street available,6343,Rotkreuz,989
3 Zimmer-Wohnung in Luzern mieten,Birkenstrasse 3,6003,Luzern,1780
3 ½ Zimmer-Wohnung in Luzern mieten,Hauptstrasse 17,6015,Luzern,1370
4 ½ Zimmer-Wohnung in Cham mieten,Alpenstrasse 5,6330,Cham,2980
3 Zimmer-Wohnung in Luzern mieten,Hochrütiring 5,6005,Luzern,1309
2 ½ Zimmer-Wohnung in Luzern mieten,Bergstrasse 13,6004,Luzern,1950
4 ½ Zimmer-Wohnung in Weggis mieten,no street available,6353,Weggis,1950
1 ½ Zimmer-Wohnung in Ebikon mieten,Ebisquare-Str. 7b,6030,Ebikon,1170
1 Zimmer-Wohnung in Luzern mieten,Mühlemattstr. 9,6004,Luzern,900
1 Zimmer-Wohnung in Hildisrieden mieten,Wiesengrund 4,6024,Hildisrieden,850
2 ½ Zimmer-Wohnung in Büren NW mieten,Allmendstrasse 21,6382,Büren,1150
3 ½ Zimmer-Wohnung in Horw mieten,Spitzberglistrasse 6,6048,Horw,1590
2 ½ Zimmer-Wohnung in Obbürgen mieten,Widenrain 6,6363,Obbürgen,1740
1 ½ Zimmer-Studio in Luzern mieten,no street available,6003,Luzern,1192
2 ½ Zimmer-Wohnung in Luzern mieten,no street available,6005,Luzern,1730
4 ½ Zimmer-Wohnung in Hochdorf mieten,Kleinwangenstr.,51,"51,",2040
1 Zimmer-Wohnung in Luzern mieten,Obermättlistrasse 8,6015,Luzern,890
2 Zimmer-Terrassenwohnung in Rigi-Kaltbad mieten,no street available,6356,Rigi,1400
3 Zimmer-Wohnung in Emmenbrücke mieten,Mühlematt 11,6020,Emmenbrücke,1350
4 ½ Zimmer-Wohnung in Luzern mieten,Seefeldrain 3,6006,Luzern,2130
4 ½ Zimmer-Wohnung in Luzern mieten,Seefeldstrasse 12,6006,Luzern,2670
3 ½ Zimmer-Wohnung in Luzern mieten,Seefeldstrasse 8,6006,Luzern,2120
4 ½ Zimmer-Wohnung in Luzern mieten,Seefeldstrasse 8,6006,Luzern,2220
5 ½ Zimmer-Wohnung in Hochdorf mieten,Alpenstrasse 1,6280,Hochdorf,1840
4 ½ Zimmer-Wohnung in Luzern mieten,Imfangring 16,6005,Luzern,1690
4 ½ Zimmer-Wohnung in Kriens mieten,Kreuzhausweg 7,6010,Kriens,1575
3 ½ Zimmer-Wohnung in Luzern mieten,Tribschenstrasse 44B,6005,Luzern,1890
3 Zimmer-Wohnung in Luzern mieten,Maihofstrasse 4,6004,Luzern,1930
3 Zimmer-Wohnung in Vitznau mieten,Schweizerheim,6354,Vitznau,1970
3 Zimmer-Wohnung in Luzern mieten,Sempacherstrasse 19,6003,Luzern,1820
3 ½ Zimmer-Wohnung in Luzern kaufen,Luzern,6005,Luzern,739000
2 ½ Zimmer-Wohnung in Emmen mieten,Feldbreite Emmen,6032,Emmen,1410
3 ½ Zimmer-Wohnung in Emmen mieten,Feldbreite Emmen,6032,Emmen,1705
2 ½ Zimmer-Wohnung in Beromünster mieten,Spittelgass 7,6215,Beromünster,1140
Mehrfamilienhaus in Hochdorf kaufen,Bellevuestrasse 2,6280,Hochdorf,1840000
2 ½ Zimmer-Wohnung in Luzern mieten,Bruchstrasse 24,6003,Luzern,1650
3 ½ Zimmer-Wohnung in Hochdorf mieten,Rosengartenstrasse 32,6280,Hochdorf,1750
4 Zimmer-Wohnung in Luzern mieten,Dammstrasse 9,6003,Luzern,1740
2 ½ Zimmer-Wohnung in Luzern mieten,Neustadtstr. 8,6003,Luzern,1780
2 ½ Zimmer-Wohnung in Hagendorn mieten,Dorfstr. 17,(Gebäude,B),2300
4 ½ Zimmer-Wohnung in Luzern mieten,Birkenstrasse 8,6003,Luzern,2130
2 ½ Zimmer-Wohnung in Luzern mieten,Birkenstrasse 2,6003,Luzern,1950
4 ½ Zimmer-Wohnung in Malters mieten,Schachenstrasse 15,6102,Malters,2186
1 ½ Zimmer-Dachwohnung in Emmenbrücke mieten,Centralstrasse 5,6020,Emmenbrücke,850
2 Zimmer-Dachwohnung in Emmenbrücke mieten,Centralstrasse 5,6020,Emmenbrücke,1180
2 ½ Zimmer-Wohnung in Emmenbrücke mieten,Untere Wiese 7,6020,Emmenbrücke,1480
2 ½ Zimmer-Wohnung in Emmenbrücke mieten,Untere Wiese 7,6020,Emmenbrücke,1430
3 Zimmer-Wohnung in Kriens mieten,Schlossweg 14,6010,Kriens,1450
5 ½ Zimmer-Wohnung in Rain mieten,Gääli 6,6026,Rain,2220
3 ½ Zimmer-Wohnung in Emmenbrücke mieten,Brisenstrasse 7,6020,Emmenbrücke,1950
3 ½ Zimmer-Wohnung in Sarnen mieten,Pilatusstrasse 14a (Haus B5),6060,Sarnen,1922
4 Zimmer-Wohnung in Luzern mieten,Claridenstrasse 8,6003,Luzern,1620
1 ½ Zimmer-Wohnung in Emmen mieten,Lindenfeldring 6,6032,Emmen,1090
3 Zimmer-Wohnung in Emmenbrücke mieten,Gerliswilstrasse 68,6020,Emmenbrücke,1370
2 ½ Zimmer-Wohnung in dietwil mieten,in den chlepfen 2,6042,dietwil,1100
2 ½ Zimmer-Wohnung in Luzern mieten,Lindenstrasse 34,6015,Luzern,1260
4 ½ Zimmer-Wohnung in Kerns mieten,Wijermattstrasse 3,6064,Kerns,2235
3 ½ Zimmer-Wohnung in Luzern kaufen,Luzern,6004,Luzern,1350000
5 ½ Zimmer-Wohnung in Luzern kaufen,Luzern,6004,Luzern,1920000
3 Zimmer-Wohnung in Luzern mieten,Sternenplatz 7,6004,Luzern,2160
3 Zimmer-Wohnung in Luzern mieten,Würzenbachstr. 34,6006,Luzern,1530
4 ½ Zimmer-Wohnung in Luzern mieten,Habsburgerstrasse 37,6003,Luzern,2300
2 Zimmer-Wohnung in Rothenburg mieten,Eichenring,9,"9,",1050
2 Zimmer-Dachwohnung in Hochdorf mieten,Bellevuestrasse 44,6280,Hochdorf,990
3 ½ Zimmer-Wohnung in Kriens mieten,Gallusstrasse 10,6010,Kriens,1790
2 ½ Zimmer-Wohnung in Emmenbrücke mieten,Untere Wiese 10,6020,Emmenbrücke,1390
4 Zimmer-Wohnung in Stans mieten,Buochserstrasse 11,6370,Stans,1800
2 ½ Zimmer-Wohnung in Luzern mieten,no street available,6003,Luzern,1700
3 ½ Zimmer-Wohnung in Kriens mieten,Am Mattenhof 4a,6010,Kriens,2045
3 ½ Zimmer-Wohnung in Luzern mieten,Schönbühlring 3,6005,Luzern,1750
2 ½ Zimmer-Wohnung in Luzern mieten,Winkelriedstrasse,6003,Luzern,1450
3 ½ Zimmer-Wohnung in Emmenbrücke kaufen,Emmenbrücke,6020,Emmenbrücke,515000
1 Zimmer-Wohnung in Kriens mieten,Wyssmattstrasse 6,6010,Kriens,2500
1 ½ Zimmer-Wohnung in Luzern mieten,Sagenmattstrasse 28,6003,Luzern,990
Wohnung in Kriens mieten,Wyssmattstrasse 6,6010,Kriens,1300
3 ½ Zimmer-Wohnung in Luzern mieten,Maihofmatte 8,6006,Luzern,1700
3 ½ Zimmer-Wohnung in Kriens mieten,no street available,6010,Kriens,2140
1 Zimmer-Wohnung in Kriens mieten,Wyssmattstrasse,6010,Kriens,1100
3 ½ Zimmer-Wohnung in Littau-Luzern mieten,Luzernerstrasse 141d,6014,Littau-Luzern,1955
4 Zimmer-Wohnung in Kriens mieten,Wichlernweg 11,6010,Kriens,1660
2 ½ Zimmer-Wohnung in Kriens mieten,Wichlernstrasse 14,6010,Kriens,1480
1 Zimmer-Wohnung in Luzern mieten,Ahornstrasse 8,6003,Luzern,975
4 ½ Zimmer-Wohnung in Obernau mieten,Feldhöfli 3,6012,Obernau,1980
4 ½ Zimmer-Wohnung in Emmenbrücke mieten,Weiherstrasse 2,6020,Emmenbrücke,1850
4 ½ Zimmer-Wohnung in Luzern mieten,Würzenbachstr. 38,6006,Luzern,1815
2 ½ Zimmer-Wohnung in Luzern mieten,Burgerstrasse 6,6003,Luzern,1140
3 ½ Zimmer-Wohnung in Luzern mieten,Bundesstrasse 17,6003,Luzern,1870
2 ½ Zimmer-Wohnung in Emmenbrücke mieten,Ober-Riffig 13,6020,Emmenbrücke,1320
3 ½ Zimmer-Wohnung in Hergiswil mieten,Sonnenbergstrasse 17,6052,Hergiswil,1540
2 Zimmer-Wohnung in Luzern mieten,Brünigstrasse 11,6005,Luzern,1390
4 ½ Zimmer-Wohnung in Emmenbrücke mieten,Benziwil 47,6020,Emmenbrücke,1830
3 ½ Zimmer-Wohnung in Luzern mieten,Ennetweg 4,6015,Luzern,1990
3 ½ Zimmer-Wohnung in Hellbühl mieten,Chällenweg 6,6016,Hellbühl,1530
2 Zimmer-Wohnung in Luzern mieten,Blattenmoosstrasse 4,6014,Luzern,1150
5 Zimmer-Wohnung in Luzern mieten,Würzenbachhalde 13,6006,Luzern,2030
2 Zimmer-Wohnung in Luzern mieten,Würzenbachhalde 7,6006,Luzern,940
3 Zimmer-Wohnung in Malters mieten,Muoshofstr. 5,6102,Malters,1522
1 ½ Zimmer-Wohnung in Malters mieten,Muoshofstr. 5,6102,Malters,854
4 ½ Zimmer-Wohnung in Inwil mieten,Schützenmatt 2,6034,Inwil,2160
2 ½ Zimmer-Wohnung in Luzern mieten,Büttenenhalde 57,6006,Luzern,1260
2 ½ Zimmer-Wohnung in Ebikon mieten,Feldmatt 9,6030,Ebikon,1390
8 ½ Zimmer-Haus in Luzern kaufen,no street available,6014,Luzern,Anfrage
4 ½ Zimmer-Wohnung in Luzern mieten,Ruopigenring 79,6015,Luzern,1830
1 ½ Zimmer-Wohnung in Luzern mieten,St. Karliquai 9,6004,Luzern,1225
3 ½ Zimmer-Wohnung in Kriens mieten,Wichlernstrasse 6,6010,Kriens,1730
4 Zimmer-Wohnung in Luzern mieten,Militärstrasse 45,6003,Luzern,1930
3 Zimmer-Wohnung in Horw mieten,Schöngrunstrasse 11,6048,Horw,1400
3 ½ Zimmer-Wohnung in Küssnacht am Rigi mieten,Grepperstrasse 50,6403,Küssnacht,1920
1 ½ Zimmer-Wohnung in Kriens mieten,Lauerzweg 1a,6010,Kriens,1350
2 ½ Zimmer-Wohnung in Emmenbrücke mieten,Obere Erlen 31b,6020,Emmenbrücke,1242
2 ½ Zimmer-Wohnung in Emmenbrücke mieten,Neuenkirchstrasse 7,6020,Emmenbrücke,1540
4 ½ Zimmer-Haus in Eich kaufen,no street available,6205,Eich,2950000
2 Zimmer-Wohnung in Luzern mieten,Hünenbergstrasse 42,6006,Luzern,1390
2 ½ Zimmer-Wohnung in Eigenthal mieten,Sonnhalde,6013,Eigenthal,1300
3 ½ Zimmer-Wohnung in Luzern mieten,Winkelriedstr. 25,6003,Luzern,2190
2 ½ Zimmer-Wohnung in Luzern mieten,Sternmattstrasse 119,6005,Luzern,2000
3 ½ Zimmer-Wohnung in Sins mieten,Sonnhalde 4,5643,Sins,1600
1 Zimmer-Wohnung in Luzern mieten,Baselstrasse 15,6003,Luzern,990
4 ½ Zimmer-Terrassenwohnung in Luzern kaufen,no street available,6014,Luzern,1830000
5 ½ Zimmer-Wohnung in Eich kaufen,no street available,6205,Eich,2190000
4 ½ Zimmer-Wohnung in Emmenbrücke mieten,Unter Kapf 2,6020,Emmenbrücke,1850
2 Zimmer-Wohnung in Luzern mieten,Geissmattstasse 60,6004,Luzern,1340
1 ½ Zimmer-Wohnung in Luzern mieten,Museggstrasse 3,6004,Luzern,1350
4 ½ Zimmer-Wohnung in Eschenbach mieten,no street available,6274,Eschenbach,2090
3 ½ Zimmer-Wohnung in Luzern mieten,St.Karlistrasse 17e,6004,Luzern,1850
3 Zimmer-Wohnung in Luzern mieten,Bundesstrasse 17,6003,Luzern,1880
2 ½ Zimmer-Wohnung in Luzern mieten,Zürichstrasse 16,6004,Luzern,1520
4 ½ Zimmer-Wohnung in Cham kaufen,Rütiweid 12,6330,Cham,1710000
3 Zimmer-Wohnung in Rothenburg mieten,Rudolfstrasse 1,6023,Rothenburg,1350
6 ½ Zimmer-Haus in Kriens kaufen,no street available,6010,Kriens,2200000
3 ½ Zimmer-Wohnung in Kriens mieten,Am Mattenhof 14,6010,Kriens,2200
6 ½ Zimmer-Haus in Adligenswil mieten,Meiersmattstrasse 21a,6043,Adligenswil,3800
3 ½ Zimmer-Wohnung in Emmen mieten,Eschenstrasse 12,6020,Emmen,1550
2 ½ Zimmer-Wohnung in Beromünster mieten,Luzernerstrasse 10,6215,Beromünster,1280
"2 ½ Zimmer-Wohnung in Weggis ( inbegriffen ist Estrich, Wirtschaft-Raum und Parkplatz mieten",Gotthardstrasse 83,6353,Weggis,und
1 Zimmer-Wohnung in Luzern mieten,Obergütschrain 3,6003,Luzern,575
2 ½ Zimmer-Wohnung in Adligenswil mieten,Kehlhofrain,9,"9,",1347
2 ½ Zimmer-Wohnung in Beromünster mieten,Spittelgass 7,6215,Beromünster,1610
4 Zimmer-Wohnung in Luzern mieten,Matthofring 24,6005,Luzern,Anfrage
3 ½ Zimmer-Wohnung in Luzern mieten,Matthofring 24,6005,Luzern,1715
3 ½ Zimmer-Wohnung in Luzern mieten,Matthofring 22,6005,Luzern,1715
3 ½ Zimmer-Wohnung in Luzern mieten,Matthofring 20,6005,Luzern,1720
3 ½ Zimmer-Wohnung in Stans mieten,Langmattring 26,6370,Stans,2780
1 ½ Zimmer-Wohnung in Ruswil mieten,Hellbühlerstrasse 32a,6017,Ruswil,1000
3 ½ Zimmer-Wohnung in Luzern mieten,Längweiherstr. 16,6014,Luzern,1560
4 Zimmer-Wohnung in Emmenbrücke mieten,Mühlematt  7,6020,Emmenbrücke,1480
4 ½ Zimmer-Wohnung in Perlen mieten,Haslirainstrasse 10,6035,Perlen,2040
1 Zimmer-Wohnung in Luzern mieten,Ruopigenstrasse 8,6015,Luzern,755
1 Zimmer-Wohnung in Luzern mieten,Ruopigenstrasse 8,6015,Luzern,755
4 Zimmer-Wohnung in Luzern mieten,Matthofring 24,6005,Luzern,1600
1 ½ Zimmer-Studio in Ennetmoos mieten,Gruobstrasse 3,6372,Ennetmoos,950
3 ½ Zimmer-Wohnung in Emmenbrücke mieten,Gerliswilstrasse 41,6020,Emmenbrücke,1490
2 Zimmer-Wohnung in Kriens mieten,Arsenalstrasse 10,6010,Kriens,1250
5 ½ Zimmer-Wohnung in Horw mieten,Kantonsstrasse 40,6048,Horw,2885
3 ½ Zimmer-Wohnung in Meggen mieten,Rueggiswilstr 19,6045,Meggen,1850
3 ½ Zimmer-Wohnung in Horw mieten,Bifangstr. 10,6048,Horw,1420
4 ½ Zimmer-Wohnung in Udligenswil mieten,Dorfstrasse 21,6044,Udligenswil,2350
3 Zimmer-Wohnung in Luzern mieten,Eichwaldstrasse 35,6005,Luzern,1420
3 ½ Zimmer-Wohnung in Luzern mieten,Voltastrasse 24,6005,Luzern,2040
3 ½ Zimmer-Wohnung in Ebikon mieten,Schachenweidstr. 105,6030,Ebikon,1530
4 ½ Zimmer-Wohnung in Adligenswil mieten,no street available,6043,Adligenswil,850
3 ½ Zimmer-Wohnung in Luzern mieten,Obermättlistrasse 13,6015,Luzern,1250
4 ½ Zimmer-Wohnung in Malters kaufen,Malters,6102,Malters,940000
4 ½ Zimmer-Wohnung in Horw kaufen,no street available,6048,Horw,1690000
2 Zimmer-Maisonette in Luzern mieten,Weinmarkt 20,6004,Luzern,2400
3 ½ Zimmer-Wohnung in Luzern mieten,Gibraltarstrasse 31,6003,Luzern,2050
2 ½ Zimmer-Wohnung in Emmen mieten,Feldbreite Emmen,6032,Emmen,1505
3 ½ Zimmer-Wohnung in Beromünster mieten,Spittelgass 9,6215,Beromünster,1850
2 ½ Zimmer-Wohnung in Luzern mieten,Moosstrasse,15,"15,",1350
4 ½ Zimmer-Wohnung in Luzern mieten,Seefeldstrasse 11,6006,Luzern,1840
2 ½ Zimmer-Wohnung in Luzern mieten,Hirtenhofring 20,6005,Luzern,1315
2 Zimmer-Wohnung in Luzern mieten,Stollbergstrasse 18,6003,Luzern,1300
3 Zimmer-Wohnung in Luzern mieten,Würzenbachstr. 38,6006,Luzern,1510
2 ½ Zimmer-Wohnung in Luzern mieten,Bruchstr. 9,6003,Luzern,1640
4 ½ Zimmer-Wohnung in Neuenkirch mieten,Zentrum 3,6206,Neuenkirch,1600
3 ½ Zimmer-Wohnung in Emmen mieten,Feldbreite Emmen,6032,Emmen,1745
3 ½ Zimmer-Wohnung in Ebikon mieten,Schachenweidstr. 123,6030,Ebikon,1435
3 ½ Zimmer-Wohnung in Luzern mieten,Seefeldstrasse 16,6006,Luzern,2310
2 Zimmer-Wohnung in Luzern mieten,Bundesplatz 4a,6003,Luzern,1250
3 ½ Zimmer-Wohnung in Malters mieten,Weihermatte 7 a/b/c,6102,Malters,1760
2 ½ Zimmer-Wohnung in Lucerne mieten,Grabenstrasse 11,6004,Lucerne,1590
2 ½ Zimmer-Wohnung in Luzern mieten,Bruchstrasse 9,6003,Luzern,1430
3 ½ Zimmer-Wohnung in Ebikon mieten,no street available,6030,Ebikon,1550
2 ½ Zimmer-Wohnung in Hochdorf mieten,Dammstrasse21,6280,Hochdorf,1290
2 ½ Zimmer-Wohnung in Horw mieten,Gemeindehausplatz 13,6048,Horw,1730
4 Zimmer-Wohnung in Kriens mieten,Schauenseestrasse,6010,Kriens,1600
3 ½ Zimmer-Wohnung in Luzern mieten,Seefeldstrasse 12,6006,Luzern,2380
1 Zimmer-Wohnung in Emmenbrücke mieten,Mattenstr. 3,6020,Emmenbrücke,900
4 ½ Zimmer-Wohnung in Emmen mieten,Kolbenstrasse 13,6032,Emmen,1460
1 Zimmer-Wohnung in Luzern mieten,Zürichstrasse 49,6004,Luzern,890
6 ½ Zimmer-Haus in Emmen kaufen,no street available,6020,Emmen,1545000
8 Zimmer-Attikawohnung in Luzern kaufen,no street available,6006,Luzern,3600000
6 Zimmer-Doppeleinfamilienhaus in Hergiswil kaufen,no street available,6052,Hergiswil,3280000
7 ½ Zimmer-Villa in Weggis kaufen,no street available,6353,Weggis,4480000
4 ½ Zimmer-Wohnung in Malters kaufen,no street available,6102,Malters,1460000
2 ½ Zimmer-Wohnung in Malters kaufen,no street available,6102,Malters,665000
3 ½ Zimmer-Attikawohnung in Horw kaufen,no street available,6048,Horw,1920000
6 ½ Zimmer-Haus in Weggis kaufen,no street available,6353,Weggis,4900000
9 ½ Zimmer-Haus in Luzern kaufen,no street available,6005,Luzern,3480000
7 ½ Zimmer-Villa in Horw kaufen,no street available,6048,Horw,Anfrage
7 Zimmer-Wohnung in Malters kaufen,no street available,6102,Malters,2125000
1 Zimmer-Wohnung in Kriens mieten,Obernauerstrasse 11,6010,Kriens,830
2 ½ Zimmer-Wohnung in Ebikon mieten,Zugerstrasse 16,6030,Ebikon,1585
3 ½ Zimmer-Wohnung in Luzern mieten,Udelbodenstrasse 1,6014,Luzern,1620
3 Zimmer-Wohnung in Luzern mieten,Baselstrasse 97,6003,Luzern,1800
4 ½ Zimmer-Wohnung in Ennetbürgen mieten,Flugfeld 6,6373,Ennetbürgen,2030
4 ½ Zimmer-Wohnung in Kriens-Obernau mieten,Hergiswaldstrasse 6,6012,Kriens-Obernau,1860
3 ½ Zimmer-Wohnung in Malters mieten,Weihermatte 6,6102,Malters,1670
4 ½ Zimmer-Wohnung in Luzern mieten,Landschaustrasse 19,6006,Luzern,1800
3 ½ Zimmer-Wohnung in Alpnach mieten,Chilenmattli 8,6055,Alpnach,1820
4 Zimmer-Wohnung in Luzern mieten,Fluhmattweg,13,"13,",3410
3 ½ Zimmer-Wohnung in Luzern mieten,An der Kleinen Emme 2,6014,Luzern,1800
3 ½ Zimmer-Wohnung in Ebikon mieten,Luzernerstrasse 82,6030,Ebikon,2000
4 ½ Zimmer-Wohnung in Emmen mieten,Untere Halten 3,6032,Emmen,1690
4 ½ Zimmer-Wohnung in Ebikon mieten,Luzernerstrasse 82,6030,Ebikon,2750
4 ½ Zimmer-Wohnung in Schwarzenberg mieten,Dorfstrasse 8,6103,Schwarzenberg,1510
4 ½ Zimmer-Wohnung in Neuenkirch mieten,Zentrum 1,6206,Neuenkirch,1980
3 ½ Zimmer-Wohnung in Luzern mieten,Grüneggstrasse 10,6005,Luzern,1725
2 ½ Zimmer-Dachwohnung in Luzern mieten,Mariahilfgasse 7,6004,Luzern,1880
3 ½ Zimmer-Wohnung in Luzern mieten,Würzenbachstrasse 53,6006,Luzern,1460
3 Zimmer-Wohnung in Rothenburg mieten,Flecken 28,6023,Rothenburg,1390
3 ½ Zimmer-Wohnung in Obernau kaufen,Feldhöfli 7,6012,Obernau,755000
3 ½ Zimmer-Wohnung in luzern mieten,no street available,6006,luzern,1850
3 ½ Zimmer-Wohnung in Luzern mieten,Eichmattstrasse 3,6005,Luzern,2053
2 ½ Zimmer-Wohnung in Kriens mieten,Am Mattenhof 4a,6010,Kriens,1640
1 Zimmer-Wohnung in Kriens mieten,Schachenstrasse 4,6010,Kriens,1290
4 ½ Zimmer-Wohnung in Horw mieten,Steinenstrasse 2,6048,Horw,2540
2 ½ Zimmer-Wohnung in Malters mieten,Muoshofstr. 3,6102,Malters,1320
2 ½ Zimmer-Wohnung in Luzern mieten,Längweiherstr. 10,6014,Luzern,1390
4 Zimmer-Wohnung in Kriens mieten,no street available,6010,Kriens,1690
1 Zimmer-Wohnung in Emmenbrücke mieten,Meierhöflistrasse 3,6020,Emmenbrücke,980
1 ½ Zimmer-Wohnung in Luzern mieten,Grabenstrasse 13,6004,Luzern,2100
6 ½ Zimmer-Doppeleinfamilienhaus in Kriens mieten,Oberhusrain 12,6010,Kriens,4400
2 ½ Zimmer-Wohnung in Luzern mieten,Güterstr. 2b,6005,Luzern,1840
1 Zimmer-Wohnung in Luzern mieten,Würzenbachhalde 13,6006,Luzern,890
3 ½ Zimmer-Wohnung in Emmenbrücke mieten,no street available,6020,Emmenbrücke,1565
1 Zimmer-Wohnung in Luzern mieten,no street available,6003,Luzern,750
3 ½ Zimmer-Wohnung in Ebikon mieten,Schachenweidstr. 123,6030,Ebikon,1445
3 ½ Zimmer-Wohnung in Rain mieten,Chileweg 3,6026,Rain,1950
4 Zimmer-Wohnung in Meggen mieten,Eiholzmatte 4,6045,Meggen,2225
2 ½ Zimmer-Wohnung in Luzern mieten,Hirtenhofring 19,6005,Luzern,1735
2 ½ Zimmer-Wohnung in Luzern mieten,Sagenmattrain 3,6003,Luzern,1320
4 ½ Zimmer-Wohnung in Emmen mieten,Reussmatt 3,6032,Emmen,1490
4 Zimmer-Wohnung in Luzern mieten,no street available,6004,Luzern,1950
3 Zimmer-Wohnung in Luzern mieten,Baselstrasse 27,6003,Luzern,1250
3 Zimmer-Wohnung in Ebikon mieten,Althof 2,6030,Ebikon,1500
2 ½ Zimmer-Wohnung in Emmen mieten,Xaver Brun-Weg 1,6032,Emmen,1300
4 ½ Zimmer-Wohnung in Emmen mieten,Meilipromenade 25,6032,Emmen,2140
4 Zimmer-Wohnung in Littau Luzern mieten,Luzernerstrasse 132,6014,Littau,1575
3 ½ Zimmer-Wohnung in Horw mieten,Gemeindehausplatz 13,6048,Horw,1960
3 ½ Zimmer-Wohnung in Luzern mieten,Gibraltarstrasse 30,6003,Luzern,2060
2 ½ Zimmer-Wohnung in Kriens mieten,Am Mattenhof 14,6010,Kriens,1810
5 ½ Zimmer-Wohnung in Alpnach Dorf mieten,Bitzistrasse 15,6055,Alpnach,3330
3 ½ Zimmer-Wohnung in Alpnach mieten,Chilenmattli 10,6055,Alpnach,1767
3 ½ Zimmer-Wohnung in Luzern mieten,Löwenplatz 9,6004,Luzern,1870
4 ½ Zimmer-Wohnung in Udligenswil kaufen,Udligenswil,6044,Udligenswil,1350000
4 ½ Zimmer-Wohnung in Kriens mieten,Schlossweg 6,6010,Kriens,1260
3 ½ Zimmer-Wohnung in Luzern mieten,Bergstrasse 1,6004,Luzern,2190
3 Zimmer-Wohnung in Luzern mieten,no street available,6003,Luzern,1620
3 ½ Zimmer-Wohnung in Luzern mieten,Grünauring 19,6014,Luzern,1890
2 ½ Zimmer-Wohnung in Kriens mieten,Villastr. 12,6010,Kriens,1340
2 Zimmer-Wohnung in Luzern mieten,Hertensteinstrasse 32,6004,Luzern,1560
3 ½ Zimmer-Wohnung in Emmenbrücke mieten,Sedelstrasse 22,6020,Emmenbrücke,1320
3 Zimmer-Wohnung in Luzern mieten,Sagenmattstrasse 22,6003,Luzern,1449
2 ½ Zimmer-Wohnung in Luzern mieten,Uferweg 6,6014,Luzern,1100
4 Zimmer-Wohnung in Horw mieten,Kantonsstrasse 113,6048,Horw,1790
3 Zimmer-Wohnung in emmenbrücke mieten,emmenweidstrasse 4,6020,emmenbrücke,1750
3 ½ Zimmer-Wohnung in Luzern mieten,Längweiherstr. 20,6014,Luzern,1540
3 ½ Zimmer-Wohnung in Luzern mieten,Claridenstrasse 9,6003,Luzern,2550
3 ½ Zimmer-Wohnung in Luzern mieten,Seefeldstrasse 6,6006,Luzern,2570
2 Zimmer-Wohnung in Luzern mieten,Ennetweg 4,6015,Luzern,1290
4 ½ Zimmer-Wohnung in Emmen kaufen,Seetalstrasse 145,6032,Emmen,950000
2 Zimmer-Wohnung in Luzern mieten,Baselstrasse 22,6003,Luzern,1410
3 ½ Zimmer-Attikawohnung in Neudorf mieten,Luzernerstrasse 5A,6025,Neudorf,1970
3 Zimmer-Wohnung in Luzern mieten,Bruchstrasse 54,6003,Luzern,1800
4 ½ Zimmer-Wohnung in Luzern mieten,Spannortstrasse 14,6003,Luzern,1950
3 ½ Zimmer-Wohnung in Emmenbrücke mieten,Adligenstrasse 7,6020,Emmenbrücke,1480
5 ½ Zimmer-Wohnung in Kägiswil kaufen,Mittelgasse 9,6056,Kägiswil,Anfrage
3 Zimmer-Wohnung in Kriens mieten,Gärtnerweg 2,6010,Kriens,1625
4 Zimmer-Wohnung in Emmenbrücke mieten,Buchenstrasse 1,6020,Emmenbrücke,1490
3 ½ Zimmer-Wohnung in Emmenbrücke kaufen,Emmenbrücke,6020,Emmenbrücke,730000
3 ½ Zimmer-Wohnung in Kriens mieten,Am Mattenhof 14,6010,Kriens,2190
2 ½ Zimmer-Wohnung in Kriens mieten,Am Mattenhof 14,6010,Kriens,1825
3 Zimmer-Wohnung in Luzern mieten,Baselstrasse 27,6003,Luzern,1350
4 ½ Zimmer-Wohnung in Luzern mieten,Sagenmattstrasse 28,6003,Luzern,1960
3 ½ Zimmer-Wohnung in Luzern mieten,Gibraltarstrasse 13,6003,Luzern,1790
1 ½ Zimmer-Wohnung in Luzern mieten,Ruopigenstrasse 8,6015,Luzern,1075
2 ½ Zimmer-Wohnung in Alpnach Dorf mieten,Allmendweg 3,6055,Alpnach,1570
2 ½ Zimmer-Wohnung in Kriens mieten,Villastr. 12,6010,Kriens,1360
2 ½ Zimmer-Wohnung in Luzern mieten,Schlösslihalde 31A,6006,Luzern,1790
3 ½ Zimmer-Wohnung in Luzern mieten,Maihofstr. 68A,6006,Luzern,1670
3 Zimmer-Wohnung in Luzern mieten,Bundesplatz 4,6003,Luzern,1880
1 ½ Zimmer-Wohnung in Luzern mieten,Seehof 7,6004,Luzern,1455
3 ½ Zimmer-Wohnung in Inwil mieten,Pannerhofstrasse 7,6034,Inwil,1810
2 Zimmer-Wohnung in Luzern mieten,Langensandstrasse 82,6005,Luzern,1150
3 ½ Zimmer-Wohnung in Alpnach mieten,Chilenmattli 9,6055,Alpnach,1678
2 Zimmer-Einliegerwohnung in Rigi-Kaltbad mieten,Steiglenweg 1,6356,Rigi-Kaltbad,1400
3 ½ Zimmer-Wohnung in Luzern mieten,Würzenbachhalde 7,6006,Luzern,1730
3 Zimmer-Wohnung in Luzern mieten,Bernstrasse 57 b,6003,Luzern,1510
3 ½ Zimmer-Wohnung in Malters mieten,Muoshofstr. 7a,6102,Malters,1533
5 ½ Zimmer-Wohnung in Hochdorf mieten,Rathausstrasse 13,6280,Hochdorf,2130
3 Zimmer-Wohnung in Luzern mieten,Sagenmattstrasse 20a,6003,Luzern,1450
4 ½ Zimmer-Wohnung in Kriens mieten,Houelbachstr. 7,6010,Kriens,1990
1 Zimmer-Wohnung in Luzern mieten,Gibraltarstrasse 13,6003,Luzern,1100
3 Zimmer-Wohnung in Luzern mieten,Blattenmoosstrasse 2,6014,Luzern,1540
1 Zimmer-Wohnung in Luzern mieten,Blattenmoosstrasse 2,6014,Luzern,700
5 ½ Zimmer-Wohnung in Kägiswil kaufen,Hostettweg 3,6056,Kägiswil,1270000
3 ½ Zimmer-Wohnung in Luzern mieten,Winkelriedstrasse 56,6003,Luzern,1940
3 ½ Zimmer-Wohnung in Luzern mieten,Neustadtstr. 8c,6003,Luzern,1710
1 ½ Zimmer-Wohnung in Kriens mieten,no street available,6010,Kriens,1950
3 ½ Zimmer-Dachwohnung in Luzern mieten,Sagenmattstrasse 20,6003,Luzern,1780
4 ½ Zimmer-Wohnung in Luzern mieten,Seefeldstrasse 3,6006,Luzern,2645
3 ½ Zimmer-Wohnung in Luzern mieten,Liebenauweg 6,6006,Luzern,2000
3 ½ Zimmer-Wohnung in Horw mieten,Papiermühleweg 3,6048,Horw,1430
1 Zimmer-Wohnung in Luzern mieten,Dammstrasse 17,6003,Luzern,1100
2 Zimmer-Wohnung in Luzern mieten,Dammstrasse 17,6003,Luzern,1250
3 ½ Zimmer-Wohnung in Stansstad mieten,Schützenmatte B 11,6362,Stansstad,1760
1 Zimmer-Wohnung in Rigi-Staffel kaufen,no street available,6410,Rigi,199000
3 ½ Zimmer-Wohnung in Kriens mieten,Gärtnerweg 7,6010,Kriens,1654
4 ½ Zimmer-Wohnung in Luzern mieten,Imfangring 16,6005,Luzern,1690
4 ½ Zimmer-Wohnung in Luzern mieten,Sagenmattstrasse 26,6003,Luzern,1470
4 Zimmer-Wohnung in Kriens mieten,Feldmühlestr. 18,6010,Kriens,1520
4 Zimmer-Wohnung in Emmenbrücke mieten,Mühlematt  8,6020,Emmenbrücke,1470
4 ½ Zimmer-Wohnung in Malters mieten,Rothenstrasse 30,6102,Malters,1460
4 ½ Zimmer-Wohnung in Emmen mieten,Reussmatt 3,6032,Emmen,1470
3 Zimmer-Wohnung in Luzern mieten,Dammstrasse 17,6003,Luzern,1500
4 ½ Zimmer-Maisonette in Eschenbach mieten,Lindenbrunnenstrasse 6,6274,Eschenbach,2110
4 Zimmer-Wohnung in Luzern mieten,Baselstrasse 63,6003,Luzern,1400
6 ½ Zimmer-Wohnung in Luzern kaufen,Luzern,6004,Luzern,3150000
4 ½ Zimmer-Wohnung in Kriens kaufen,Kriens,6010,Kriens,960000
4 ½ Zimmer-Wohnung in Luzern mieten,Bernstrasse 57 a,6003,Luzern,1620
3 ½ Zimmer-Wohnung in Malters mieten,Muoshofstr. 7a,6102,Malters,1520
5 ½ Zimmer-Mansarde in Hagendorn kaufen,Hagendorn,6332,Hagendorn,1790000
1 ½ Zimmer-Wohnung in Luzern mieten,Seehof 7,6004,Luzern,1435
1 Zimmer-Einzelzimmer in Alpnachstad mieten,Brünigstrasse 11,6053,Alpnachstad,850
3 ½ Zimmer-Wohnung in Luzern mieten,Hallwilerweg 14,6003,Luzern,2085
4 ½ Zimmer-Wohnung in Ebikon mieten,Eschenweg 14,6030,Ebikon,1610
Mehrfamilienhaus in Luzern kaufen,no street available,6003,Luzern,Anfrage
4 Zimmer-Wohnung in Luzern mieten,Sagenmattrain 3,6003,Luzern,1570
2 ½ Zimmer-Wohnung in Kriens mieten,Am Mattenhof 14,6010,Kriens,1815
2 ½ Zimmer-Wohnung in Luzern mieten,Bernstrasse 9,6003,Luzern,1530
2 ½ Zimmer-Wohnung in Luzern mieten,Bernstrasse 3,6003,Luzern,1660
3 ½ Zimmer-Wohnung in Emmenbrücke mieten,Mühlematt 10,6020,Emmenbrücke,1420
4 Zimmer-Wohnung in Luzern mieten,Sagenmattrain 3,6003,Luzern,1590
3 ½ Zimmer-Wohnung in Luzern mieten,Längweiherstr. 22,6014,Luzern,1580
4 ½ Zimmer-Wohnung in Weggis kaufen,no street available,6353,Weggis,1290000
3 Zimmer-Wohnung in Luzern mieten,Bernstrasse 61,6003,Luzern,1520
2 ½ Zimmer-Möblierte Wohnung in Cham mieten,Luzernerstrasse 19,6330,Cham,2950
1 ½ Zimmer-Möblierte Wohnung in Cham mieten,Luzernerstrasse 19,6330,Cham,2890
3 ½ Zimmer-Möblierte Wohnung in Cham mieten,Luzernerstrasse 19,6330,Cham,4050
2 Zimmer-Möblierte Wohnung in Cham mieten,Luzernerstrasse 19,6330,Cham,2350
3 ½ Zimmer-Wohnung in Wolfenschiessen mieten,Dörfli 4,6386,Wolfenschiessen,1650
3 ½ Zimmer-Möblierte Wohnung in Luzern mieten,Brandgässli 9,6004,Luzern,6490
3 ½ Zimmer-Möblierte Wohnung in Luzern mieten,Brandgässli 9,6004,Luzern,5490
3 ½ Zimmer-Möblierte Wohnung in Luzern mieten,Brandgässli 9,6004,Luzern,5690
3 ½ Zimmer-Möblierte Wohnung in Luzern mieten,Brandgässli 9,6004,Luzern,5490
2 Zimmer-Möblierte Wohnung in Luzern mieten,Brandgässli 9,6004,Luzern,5490
1 ½ Zimmer-Möblierte Wohnung in Luzern mieten,Brandgässli 9,6004,Luzern,5090
2 Zimmer-Möblierte Wohnung in Luzern mieten,Brandgässli 9,6004,Luzern,5190
1 Zimmer-Möblierte Wohnung in Luzern mieten,Brandgässli 9,6004,Luzern,4490
1 ½ Zimmer-Möblierte Wohnung in Luzern mieten,Brandgässli 9,6004,Luzern,4990
1 Zimmer-Möblierte Wohnung in Luzern mieten,Brandgässli 9,6004,Luzern,4890
1 ½ Zimmer-Möblierte Wohnung in Cham mieten,Luzernerstrasse 19,6330,Cham,2290
1 ½ Zimmer-Möblierte Wohnung in Cham mieten,Luzernerstrasse 19,6330,Cham,2650
4 ½ Zimmer-Möblierte Wohnung in Cham mieten,Luzernerstrasse 19,6330,Cham,4690
1 Zimmer-Möblierte Wohnung in Luzern mieten,Tribschenstrasse 24,6003,Luzern,1090
1 ½ Zimmer-Möblierte Wohnung in Cham mieten,Luzernerstrasse 19,6330,Cham,2290
2 Zimmer-Möblierte Wohnung in Cham mieten,Luzernerstrasse 19,6330,Cham,2550
2 ½ Zimmer-Möblierte Wohnung in Luzern mieten,Zihlmattweg 44,6005,Luzern,1690
1 ½ Zimmer-Möblierte Wohnung in Luzern mieten,Zihlmatweg 44,6005,Luzern,1290
1 Zimmer-Möblierte Wohnung in Luzern mieten,Zihlmattweg 44,6005,Luzern,1150
Studio in Lucerne mieten,Neustadtstrasse 16,6003,Lucerne,1753
Studio in Lucerne mieten,Neustadtstrasse 16,6003,Lucerne,1546
Studio in Lucerne mieten,Neustadtstrasse 16,6003,Lucerne,1235
