Strasse,Postleitzahl,Ort,Anzahl Zimmer,Flaeche [m2],Preis [CHF]
Hebelstr. 82,4056,Basel,2 ½,52 m²,1500
Andlauerstrasse 10,4057,Basel,3,70 m²,1520
General Guisan - Strasse 136,4054,Basel,1,30 m²,896
Tangentenweg 44,4058,Basel,2 ½,52 m²,1367
Lehenmattstr. 55,4052,Basel,2,47 m²,1215
,4055,Basel,4,,2100
Langegasse 123,4104,Oberwil,2 ½,86 m²,2240
Claragraben 138,4057,Basel,3,73 m²,1720
St. Jakobsstrasse 189,4052,Basel,2 ½,51 m²,1410
St. Jakobsstrasse 187,4052,Basel,3 ½,71 m²,1885
Hauptstrasse 116,4102,Binningen,1,15 m²,400
St. Jakobsstrasse 193,4052,Basel,3 ½,75 m²,2035
,4051,Basel,1,37 m²,1260
Jurastrasse 10,4053,Basel,4 ½,120 m²,2500
Beinwilerstrasse 14,4053,Basel,3,57 m²,1270
Markircherstrasse 52,4055,Basel,4,76 m²,1780
Lehenmattstr. 201,4052,Basel,2,47 m²,1240
Spalenring 95,4055,Basel,3 ½,80 m²,1660
Oberalpstrasse 113,4054,Basel,4,85 m²,1740
Delsbergerallee 7,4053,Basel,2 ½,66 m²,1375
Friedensgasse 24,4056,Basel,3,77 m²,1930
Sierenzerstrasse 9,4055,Basel,4 ½,118 m²,2060
,4052,Basel,2,50 m²,600
Altrheinweg 44,4057,Basel,2 ½,48 m²,1450
St. Alban-Ring 152,4052,Basel,4,110 m²,2230
Wettsteinallee 96,4058,Basel,2,,1230
Blauensteinerstr. 10,4053,Basel,3 ½,86 m²,2150
gundeldingerstrasse 105,4053,basel,3,65 m²,1590
Birseckstrasse 33,4142,Münchenstein,3,66 m²,1435
,4058,Basel,3 ½,115 m²,2980
,4054,Basel,3,70 m²,1550
Talstrasse 21,4104,Oberwil,3,64 m²,1520
Auf der Wacht 5,4104,Oberwil,2 ½,51 m²,1450
,4056,Basel,1 ½,35 m²,1150
Müllheimerstrasse,4057,Basel,3 ½,55 m²,2500
Beim Goldenen Löwen 9,4052,Basel,3,76 m²,1790
Weiherweg 1,4123,Allschwil,4 ½,89 m²,1890
Farnsburgerstrasse 37,4052,Basel,3,60 m²,1500
Maulbeerstrasse 14,4058,Basel,3,75 m²,1815
St.Jakokbsstrasse 165,4052,Basel,1,13 m²,270
Horburgstrasse 86,4057,Basel,2,45 m²,1290
Horburgstrasse 4,4057,Basel,2,55 m²,1350
Amerbachstrasse 43,4057,Basel,1 ½,33 m²,920
Klingentalgraben 7,4057,Basel,4 ½,122 m²,1800
Klingentalgraben 7,4057,Basel,4,97 m²,1700
Horburgstrasse 86,4057,Basel,2,45 m²,1190
,4053,Basel,2 ½,63 m²,1235
Parkweg 4,4142,Münchenstein,4,85 m²,1895
Gundeldingerstrasse 369,4053,Basel,3,68 m²,1420
,4057,Basel,2,55 m²,1420
Mittlere Strasse 60,4056,Basel,3,75 m²,2200
Missionsstrasse 61,4055,Basel,3,71 m²,1480
Missionsstrasse 61,4055,Basel,3,71 m²,1600
Sevogelstrasse 19,4052,Basel,3,79 m²,1700
Münchensteinerstr. 4,4052,Basel,1,27 m²,900
Im Reinacherhof 157,4153,Reinach,4 ½,135 m²,2810
Feldbergstrasse 137,4057,Basel,4 ½,88 m²,1990
Feldbergstrasse 137,4057,Basel,1,29 m²,1160
Feldbergstrasse 137,4057,Basel,2 ½,48 m²,1410
Feldbergstrasse 137,4057,Basel,3 ½,72 m²,1600
Feldbergstrasse 137,4057,Basel,1 ½,36 m²,1250
Dornacherstrasse 109,4053,Basel,1,36 m²,1030
Holbeinstrasse 56,4051,Basel,2 ½,89 m²,2770
Hochstrasse 51,4053,Basel,3 ½,95 m²,1960
Claragraben 82,4058,Basel,3,77 m²,1470
Wiesenstrasse 14,4057,Basel,1 ½,42 m²,1050
Keltenweg 5,4125,Riehen,3,68 m²,1250
Markircherstrasse 22,4055,Basel,2,51 m²,1220
Im Reinacherhof 167,4153,Reinach,2 ½,60 m²,1460
Schopfheimerstr. 8,4058,Basel,3,75 m²,1520
Unterwartweg 15,4132,Muttenz,2 ½,72 m²,1420
Missionsstr. 52,4055,Basel,1,35 m²,880
Baslerstrasse 53,4102,Binningen,3,58 m²,1410
Schopfheimerstr. 4,4058,Basel,2,61 m²,1220
Baslerstrasse 6,4103,Bottmingen,3,65 m²,1400
Lehenmattstrasse 324,4052,Basel,2,52 m²,1045
Allschwilerplatz 11,4055,Basel,3,78 m²,1590
Baldeggerstrasse 58,4052,Basel,3,89 m²,2230
Clarahofweg 47,4058,Basel,1 ½,62 m²,1590
Pfeffingerstrasse 55,4053,Basel,2,62 m²,1475
Weiherweg 12,4153,Reinach,3,60 m²,1430
Tangentenweg 56,4058,Basel,3 ½,70 m²,1960
Belchenring 37,4123,Allschwil,2 ½,60 m²,1481
St. Jakob-Str. 69,4132,Muttenz,2 ½,57 m²,1620
Steinengraben 67,4051,Basel,3,64 m²,1590
Pfeffingerstrasse,4053,Basel,3,65 m²,1530
Kleinhüningerstrasse 136,4057,Basel,3 ½,,1280
Güterstrasse 199,4053,Basel,2 ½,48 m²,1320
,4051,Basel,5,120 m²,3530
Ryffstrasse 50,4056,Basel,1,30 m²,970
Sperrstrasse 43,4057,Basel,3,64 m²,1325
Elsässerstrasse 107,4056,Basel,2,45 m²,1370
Baselmattweg 142-152a,4123,Allschwil,3 ½,85 m²,2020
Holeestrasse 95,4054,Basel,1,20 m²,530
Auberg 10,4051,Basel,4,102 m²,2235
Liestaleranlage 30,4052,Basel,2 ½,75 m²,1570
Stockertstrasse,4132,Muttenz,2,50 m²,1115
Oberwilerstrasse 159,4054,Basel,3,91 m²,1910
Holbeinstrasse 31,4051,Basel,4 ½,109 m²,2970
Spalenring 120,4055,Basel,2,68 m²,1575
St. Jakobsstrasse 193,4052,Basel,3 ½,72 m²,2209
Beim Goldenen Löwen 7,4052,Basel,3,76 m²,1830
Redingstrasse,4052,Basel,3 ½,98 m²,2325
Gasstrasse 71,4056,Basel,2,64 m²,1305
Kapellenstrasse 37,4052,Basel,3,85 m²,1685
Lettenweg 113,4123,Allschwil,3 ½,73 m²,1590
Unterm Stallen 10,4104,Oberwil,3,59 m²,1400
Tiefengrabenstrasse 36,4102,Binningen,3 ½,88 m²,1790
Baslerstr. 204,4123,Allschwil,3 ½,73 m²,2030
Fasanenstr. 140,4058,Basel,2,48 m²,1330
Fabrikstrasse 33,4123,Allschwil,4 ½,96 m²,1900
Zwingerstrasse 23a,4053,Basel,4 ½,146 m²,2901
Schützengraben 7,4051,Basel,2 ½,58 m²,1590
Schorenweg 40,4058,Basel,3 ½,80 m²,1785
Langegasse 131,4104,Oberwil,4 ½,111 m²,2600
St. Jakobsstrasse 193,4052,Basel,3 ½,72 m²,1940
Blauenstrasse 42,4054,Basel,3,75 m²,1525
Weiherweg 86,4054,Basel,2 ½,54 m²,1380
Rheinfelderstr. 3,4058,Basel,3 ½,90 m²,1900
Burenweg 37,4127,Birsfelden,1 ½,40 m²,911
In den Klostermatten 17,4052,Basel,3,70 m²,1510
Lettenweg 111,4123,Allschwil,3,73 m²,1595
Rosentalstr. 32,4058,Basel,2,54 m²,1180
Mülhauserstr. 30,4056,Basel,3,,1531
Ryffstr. 12,4056,Basel,3,67 m²,1625
Weichselmattstrasse 58,4103,Bottmingen,5 ½,147 m²,3800
Eulerstr. 64,4051,Basel,2 ½,65 m²,1770
Bernoullistr. 24,4056,Basel,4,111 m²,2375
Eisenbahnweg 10,4058,Basel,3,70 m²,1640
,4057,Basel,2 ½,68 m²,1750
Sennheimerstr. 54,4054,Basel,4 ½,89 m²,1950
Sennheimerstr. 52,4054,Basel,4 ½,80 m²,1930
Burenweg 37,4127,Birsfelden,2 ½,60 m²,1397
Sevogelstr. 40,4052,Basel,3,79 m²,1795
St. Alban-Rheinweg 84,4052,Basel,2 ½,68 m²,1780
Innere Margarethenstrasse 9,4051,Basel,1,37 m²,955
Bechburgerstrasse 5,4052,Basel,2,60 m²,1540
Breisacherstrasse 68,4057,Basel,2,,1490
Birseckstrasse 50,4142,Münchenstein,3,64 m²,1475
Gellertstrasse 26,4052,Basel,3,85 m²,2110
Markircherstrasse 41,4055,Basel,3,68 m²,1600
Laufenstrasse 41,4053,Basel,1 ½,49 m²,1320
Bottmingerstr. 119,4102,Binningen,3 ½,78 m²,1990
Bruderholzstrasse 74,4053,Basel,3,79 m²,1880
Ryffstrasse 26,4056,Basel,1,31 m²,770
Im Zehntenfrei 27,4102,Binningen,2 ½,70 m²,2150
Bruderholzstrasse 20,4102,Binningen,3 ½,97 m²,2320
Clarastrasse 1,4058,Basel,3,63 m²,1480
Laufenstrasse 41,4053,Basel,1 ½,49 m²,1340
Laufenstrasse 41,4053,Basel,1 ½,49 m²,1320
Tangentenweg 50,4058,Basel,2 ½,49 m²,1650
Im Wilacker 17,4106,Therwil,3 ½,77 m²,1480
Blauensteinerstrasse 33,4053,Basel,4 ½,108 m²,2320
Klybeckstrasse 190,4057,Basel,3 ½,71 m²,1960
Klybeckstrasse 190,4057,Basel,1 ½,28 m²,935
Zürcherstr. 160,4052,Basel,1,54 m²,1260
Hiltalingerstr. 5,4057,Basel,2,57 m²,1290
Hegenheimerstrasse 240,4055,Basel,1,,890
Dolderweg 4,4058,Basel,3 ½,74 m²,1710
Davidsrain,4057,Basel,1 ½,36 m²,1900
Markircherstrasse 56,4055,Basel,3,59 m²,1490
Malzgasse 14,4052,Basel,3 ½,81 m²,2010
Engelgasse 45,4052,Basel,5 ½,193 m²,6280
Maiengasse 12,4056,Basel,2,51 m²,1500
Allmendstrasse 10,4123,Allschwil,1,32 m²,900
,4055,Basel,3 ½,88 m²,1690
Freiburgerstrasse 9,4057,Basel,2 ½,,1600
Utengasse 39,4058,Basel,1,30 m²,890
Bettenstr. 10,4123,Allschwil,3,63 m²,1350
Bäumliackerstrasse 1,4108,Bottmingen,3 ½,,1720
Spalenring 120,4055,Basel,2,68 m²,1575
,4054,Basel,3,73 m²,1610
Gotthelfstrasse 96,4054,Basel,1,34 m²,985
Riehenstrasse 157,4058,Basel,2 ½,64 m²,1450
Kraftstrasse 16,4056,Basel,2 ½,89 m²,1660
Allmendstrasse 8,4123,Allschwil,4,90 m²,1990
Dornacherstrasse 329,4053,Basel,1,,1100
Schafmattweg 47,4102,Binningen,4 ½,83 m²,1870
Münchensteinerstr. 8,4052,Basel,3,72 m²,1805
Kanonengasse 18,4051,Basel,5 ½,121 m²,2940
Hasenrainstrasse 57,4102,Binningen,3 ½,106 m²,2600
Laufenburgerstr. 10,4058,Basel,3,75 m²,1585
Wasgenring 91,4055,Basel,4,89 m²,1720
Hiltalingerstr.5,4057,Basel,2,57 m²,1290
Neuweilerstrasse 111,4054,Basel,2,61 m²,1400
Eschenstrasse 3,4123,Allschwil,3,62 m²,1380
Lothringerstrasse 55,4056,Basel,2,44 m²,1100
Farnsburgerstrasse 6,4052,Basel,3 ½,85 m²,2250
Helvetierstr. 2,4125,Riehen,2,55 m²,1250
Reinacherstr. 70,4053,Basel,3,74 m²,1480
Münchensteinerstr. 6,4052,Basel,1 ½,55 m²,1445
Rheinparkstrasse 25,4127,Birsfelden,6 ½,164 m²,3810
Blochmonterstr. 4,4054,Basel,2 ½,80 m²,1946
Holeestr. 108,4054,Basel,3,78 m²,1735
Frobenstrasse 37,4053,Basel,1,31 m²,1070
Prattelerstrasse 1,4052,Basel,3,75 m²,1600
Bettenstrasse 94,4123,Allschwil,4,74 m²,1640
Leonhardsgraben 8,4051,Basel,2 ½,58 m²,1515
Baselmattweg 184,4123,Allschwil,3 ½,,2295
Wanderstrasse 91,4054,Basel,4 ½,140 m²,2600
Dornacherstrasse 34,4053,Basel,2,57 m²,1310
Langegasse 37,4104,Oberwil,2,56 m²,1330
Gilgenbergerstrasse 9,4053,Basel,3 ½,77 m²,1540
Holeestr. 108,4054,Basel,2,63 m²,1400
Solothurnerstrasse 62,4053,Basel,3,68 m²,1640
Saint-Louis-Strasse 23-29,4056,Basel,2 ½,72 m²,1885
Saint-Louis-Strasse 23-29,4056,Basel,1 ½,61 m²,1635
Saint-Louis-Strasse 23-29,4056,Basel,3 ½,69 m²,1815
Saint-Louis-Strasse 23-29,4056,Basel,2 ½,55 m²,1425
Saint-Louis-Strasse 23-29,4056,Basel,1 ½,46 m²,1230
Waldshuterstr. 10,4058,Basel,3,70 m²,1510
Egliseestr. 30D,4058,Basel,,243 m²,3370
Blauenstrasse 1,4127,Birsfelden,2 ½,56 m²,1490
Äussere lange Heid 14,4142,Münchenstein,2,50 m²,1030
Eggfluhstrasse 12,4054,Basel,2,70 m²,1390
Bäumlihofstrasse 92,4058,Basel,2,54 m²,1495
Gartenstr. 72,4052,Basel,6,144 m²,2700
Dornacherweg 104,4153,Reinach,5 ½,104 m²,1950
Oltingerstrasse 33,4055,Basel,1,34 m²,820
Neuweilerstrasse 107,4054,Basel,2 ½,58 m²,1210
Gundeldingerstr. 125,4053,Basel,3,121 m²,2940
Rennweg 23,4052,Basel,4,123 m²,3155
Dufourstr. 49,4052,Basel,4,148 m²,3040
Feldstrasse 112,4123,Allschwil,4 ½,89 m²,1980
Hauptstr. 87,4102,Binningen,3,86 m²,1695
Münchensteinerweg 26,4153,Reinach,4 ½,125 m²,2750
Rheinparkstrasse 13,4127,Birsfelden,2 ½,86 m²,1960
Baumgartenweg 8,4127,Birsfelden,4,76 m²,1710
Baumgartenweg 5,4127,Birsfelden,3,60 m²,1550
Blotzheimerstr. 33,4055,Basel,3 ½,73 m²,1660
Birsstr. 320,4052,Basel,2 ½,112 m²,3010
Redingstrasse,4052,Basel,3 ½,98 m²,2205
Redingstrasse,4052,Basel,2 ½,81 m²,2950
Redingstrasse,4052,Basel,4 ½,114 m²,3170
Redingstrasse,4052,Basel,3 ½,98 m²,2285
Klingental 1,4058,Basel,2,66 m²,1695
Steinbühlweg 68,4123,Allschwil,4 ½,142 m²,4310
Untere Rheingasse 12,4058,Basel,2 ½,55 m²,1500
Klybeckstrasse 190,4057,Basel,1 ½,54 m²,1653
Colmarerweg 18,4153,Reinach,4 ½,128 m²,2590
Therwilerstrasse 43,4103,Bottmingen,3 ½,84 m²,1650
Rosentalstr. 17,4058,Basel,3 ½,85 m²,2925
Bachlettenstrasse 31,4054,Basel,3,78 m²,1960
Herrengrabenweg 64,4054,Basel,2 ½,58 m²,1700
Lachenweg 16,4153,Reinach,4,98 m²,2025
Göschenenstr. 15,4054,Basel,2,57 m²,1425
Im Reinacherhof 149a,4153,Reinach,3 ½,83 m²,2010
Rosentalstr. 17,4058,Basel,1 ½,50 m²,1425
Feldstrasse 108,4123,Allschwil,3 ½,74 m²,1578
Hofmattweg 75,4144,Arlesheim,4 ½,95 m²,2350
Gundeldingerstrasse 496,4053,Basel,3,76 m²,1426
Gundeldingerrain 81,4059,Basel,3 ½,98 m²,2040
Schneidergasse 21,4051,Basel,2,50 m²,1650
Birsstr. 320,4052,Basel,5 ½,196 m²,4910
Steinbühlweg 70,4123,Allschwil,3 ½,75 m²,2340
Hofstrasse 1,4127,Birsfelden,3 ½,72 m²,1640
Grimselstrasse 10,4054,Basel,2,64 m²,1054
Luzernerring 64,4056,Basel,3,75 m²,1635
Neuweilerstrasse 100,4054,Basel,3 ½,,1780
Tramstrasse 28,4142,Münchenstein,3,,1550
Güterstrasse 199,4053,Basel,1 ½,34 m²,1070
Bruderholzstrasse 22,4102,Binningen,2 ½,74 m²,1718
Helvetierstr. 23,4125,Riehen,3,76 m²,1685
Binningerstr. 42,4153,Reinach,3,74 m²,1464
Emil Frey-Strasse 215,4142,Münchenstein,3,60 m²,1410
Dürrenmattweg 88,4123,Allschwil,4 ½,102 m²,1850
Langegasse 121,4104,Oberwil,3 ½,93 m²,2460
Breisacherstr. 133,4057,Basel,3,66 m²,1490
Parkstrasse 25,4102,Binningen,3,65 m²,1453
Oetlingerstrasse 37,4057,Basel,2,52 m²,1350
Langegasse 99,4104,Oberwil,3 ½,76 m²,1770
Hauptstr. 114,4102,Binningen,2,52 m²,1380
Gartenstrasse 4,4123,Allschwil,4 ½,86 m²,1850
Grabenring 21,4123,Allschwil,3 ½,60 m²,1575
Gotthelfstrasse 96,4054,Basel,1,30 m²,880
Rheinparkstrasse 5,4127,Birsfelden,4,92 m²,2030
Neubadstrasse 150,4054,Basel,3 ½,121 m²,2450
Leuengasse 1,4106,Therwil,2 ½,71 m²,1790
Kleinhüningerstrasse 87,4057,Basel,2,40 m²,1260
Aussere Baselstrasse 63-65,4125,Riehen,2,46 m²,1380
Aussere Baselstrasse 63-65,4125,Riehen,3,64 m²,1680
Zürcherstr.  111,4052,Basel,3,80 m²,2050
Kirchgasse 2,4058,Basel,1,24 m²,850
Kurzelaengeweg 7A,4123,Allschwil,3 ½,77 m²,1950
Stockertstrasse,4132,Muttenz,3 ½,83 m²,2420
In den Dürrenmatten 2,4123,Allschwil,4,80 m²,1690
Lachenweg 5,4125,Riehen,4,84 m²,1980
Gilgenbergerstrasse 13,4053,Basel,3 ½,,1980
Oberwilerstrasse 157,4054,Basel,1 ½,46 m²,1160
Schlossgasse 7,4057,Basel,2,,1090
Baslerstrasse 254,4123,Allschwil,3 ½,106 m²,2120
Bottmingerstr. 5,4102,Binningen,3 ½,120 m²,2675
Baslerstrasse 160,4123,Allschwil,3,76 m²,1360
Ofenstrasse 24,4123,Allschwil,2 ½,76 m²,1690
Im Reinacherhof 153a,4153,Reinach,3 ½,86 m²,2030
Erlenmattstr. 83,4058,Basel,3 ½,83 m²,2280
,4123,Allschwil,2 ½,70 m²,2850
Rosentalstrasse 71,4058,Basel,3,74 m²,1720
Zürcherstr. 23,4052,Basel,2 ½,63 m²,1340
Hauptstrasse 3,4102,Binningen,3,75 m²,1710
St. Alban-Rheinweg 80,4052,Basel,1,37 m²,1050
Im Wilacker 17,4106,Therwil,3 ½,77 m²,1490
In den Dürrenmatten 6,4123,Allschwil,4,78 m²,1650
Mittlerer Kreis 51,4106,Therwil,3 ½,69 m²,1540
Binningerstr. 42,4153,Reinach,4,86 m²,1690
Wuhrmattstrasse 31,4103,Bottmingen,2,65 m²,1815
Baslerstrasse 160,4123,Allschwil,4,88 m²,1560
Brunnmattstrasse 4,4106,Therwil,4 ½,73 m²,1480
Unterm Stallen 15,4104,Oberwil,2 ½,62 m²,1664
Kleinhüningerstrasse,4057,Basel,3 ½,65 m²,1390
Klybeckstrasse 9,4057,Basel,3,64 m²,1550
Friedhofstrasse 13,4127,Birsfelden,3 ½,69 m²,1520
Tramstrasse 28,4142,Münchenstein,2,,1240
Gartenstrasse 62,4052,Basel,3,77 m²,2090
Bottmingerstrasse 102,4102,Binningen,3,74 m²,1760
Rheinparkstrasse 6,4127,Birsfelden,3,67 m²,1535
Altrheinweg 44,4057,Basel,2 ½,48 m²,1450
Gotthelfstrasse 96,4054,Basel,1,34 m²,1000
Therwilerstrasse 10,4142,Münchenstein,2 ½,60 m²,1600
Aussere Baselstrasse 63-65,4125,Riehen,2,41 m²,1280
Gotthelfstrasse 96,4054,Basel,2,52 m²,1220
Bahnhofstrasse 10,4106,Therwil,4,101 m²,2050
Klingental 1,4058,Basel,2 ½,102 m²,1876
Bachlettenstrasse 37,4054,Basel,2,48 m²,1390
Klybeckstrasse 190,4057,Basel,3,84 m²,2380
Bachlettenstrasse 37,4054,Basel,1,25 m²,1030
Klybeckstrasse 190,4057,Basel,3 ½,71 m²,1930
Bachlettenstrasse 39,4054,Basel,3,60 m²,1726
Farnsburgerstrasse 44,4052,Basel,,,2520
Klybeckstrasse 190,4057,Basel,1 ½,28 m²,995
Feldstrasse 12,4123,Allschwil,3,63 m²,1590
Maiengasse 27,4123,Allschwil,3 ½,71 m²,1680
Römerweg 8,4132,Muttenz,3,72 m²,1610
Friedhofstrasse 13,4127,Birsfelden,3 ½,69 m²,1400
Habshagstr. 15,4153,Reinach,3 ½,76 m²,1630
Talstrasse 55,4104,Oberwil,3,74 m²,1570
Lachenstrasse 16,4056,Basel,3,69 m²,1670
Kandererstrasse 29,4057,Basel,2,68 m²,1470
Spalenberg 26,4051,Basel,2,46 m²,1450
Hauptstrasse 44,4142,Münchenstein,5,103 m²,1895
Sempacherstrasse 59,4053,Basel,3,77 m²,1460
Spalenring 160,4055,Basel,2 ½,64 m²,1700
Binningerstrasse 32,4103,Bottmingen,3,61 m²,1360
Unterm Stallen 13,4104,Oberwil,3 ½,82 m²,2120
Mausackerweg 71,4153,Reinach,4,110 m²,2290
Therwilerstr. 37,4103,Bottmingen,3 ½,80 m²,1500
Zollweidenstrasse 29,4142,Münchenstein,3 ½,108 m²,1930
Burgfeldermattweg 47,4123,Allschwil,3 ½,85 m²,1655
Mittlerer Kreis 53L,4106,Therwil,3 ½,84 m²,1570
Aussere Baselstrasse 63-65,4125,Riehen,2,49 m²,1390
Im Reinacherhof 121,4153,Reinach,2 ½,62 m²,1460
Aeussere Lange Heid 3,4142,Münchenstein,3,62 m²,1400
Hofmattweg 79,4144,Arlesheim,3 ½,80 m²,2070
Im Steinenmüller 1,4142,Münchenstein,3,70 m²,1520
Unterm Stallen 13,4104,Oberwil,3 ½,93 m²,2270
Schlossgasse 15,4057,Basel,2,50 m²,1190
Langegasse 119,4104,Oberwil,3 ½,93 m²,2440
Helvetierstrasse 9,4125,Riehen,3 ½,68 m²,1640
Sattelgasse 2,4051,Basel,2 ½,85 m²,2400
Emil Frey-Strasse 75,4142,Münchenstein,3 ½,63 m²,1690
Im Reinacherhof 115a,4153,Reinach,3 ½,83 m²,2000
Spalenberg 26,4051,Basel,3 ½,106 m²,2500
Falkenstr. 6,4103,Bottmingen,4 ½,79 m²,2070
Therwilerstrasse 45,4103,Bottmingen,3,70 m²,1450
Margrethenstr. 4,4103,Bottmingen,2,69 m²,1730
Oberwilerstrasse 29,4102,Binningen,3,70 m²,1490
Falterstrasse 6,4104,Oberwil,4,108 m²,1970
Oberer Batterieweg 8,4059,Basel,2,60 m²,1360
Holeestrasse 159,4054,Basel,2,47 m²,1345
Fleischbachstrasse 71,4153,Reinach,5 ½,120 m²,2700
Bruderholzstrasse 28,4102,Binningen,3 ½,105 m²,2430
Rohrhagstrasse 18,4104,Oberwil,3,80 m²,1830
Alemannentr.11,4106,Therwil,3,70 m²,1480
Mattweg 61,4144,Arlesheim,4 ½,75 m²,1740
Zollweidenstrasse 17,4142,Münchenstein,3 ½,89 m²,1904
Eisenbahnweg 10,4058,Basel,3 ½,100 m²,1990
Therwilerstr. 39,4104,Oberwil,4 ½,126 m²,2178
Aeussere Lange Heid 3,4142,Münchenstein,3,62 m²,1400
Burgfeldermattweg 63,4123,Allschwil,3 ½,85 m²,2090
Gerbergässlein 41,4051,Basel,1 ½,96 m²,2440
Langegasse 105,4104,Oberwil,4 ½,86 m²,2050
Bottmingerstr. 7,4102,Binningen,2 ½,98 m²,2310
Allschwilerstrasse 2,4104,Oberwil,3,74 m²,1585
Eisenbahnweg 10,4058,Basel,3,75 m²,1650
Flughafenstr. 61,4056,Basel,3,60 m²,1500
Im Steinenmüller 3,4142,Münchenstein,4 ½,106 m²,2140
Burgfeldermattweg 19,4123,Allschwil,3 ½,75 m²,1970
Pfeffingerstrasse 82,4053,Basel,3,68 m²,1540
Im Hirshalm 52,4125,Riehen,3,76 m²,1660
Zollweidenstr. 14,4142,Münchenstein,3 ½,90 m²,1695
Langegasse 113,4104,Oberwil,5 ½,129 m²,3125
Rainallee 51,4125,Riehen,2 ½,58 m²,1463
Rheinparkstrasse 6,4127,Birsfelden,3,67 m²,1630
Mattweg 57,4144,Arlesheim,3 ½,84 m²,1730
Rosentalstr. 17,4058,Basel,2 ½,64 m²,2300
Predigerweg 9,4153,Reinach,4 ½,128 m²,2580
Helvetierstrasse 17,4125,Basel,2 ½,53 m²,2050
Rainallee 16,4125,Riehen,3,63 m²,1560
Passage 4,4104,Oberwil,4,142 m²,3320
Emil Frey-Strasse 75,4142,Münchenstein,2 ½,56 m²,1455
Mühledorfstrasse 25,3018,Bern,3 ½,75 m²,1715
Gigonweg 19,3027,Bern,,74 m²,1620
Morgartenstrasse 15,3014,Bern,4 ½,95 m²,2750
Morgartenstrasse 15,3014,Bern,2 ½,42 m²,1550
Morgartenstrasse 15,3014,Bern,4 ½,85 m²,2950
Riedbachstrasse 77,3027,Bern,2 ½,54 m²,1480
Neuhausweg 25,3027,Bern,4 ½,113 m²,775
Sahlistrasse 44,3012,Bern,2,,1475
Wangenstrasse 62,3018,Bern,2,,1350
Neuhausweg 23,3027,Bern,3,,1390
Blankweg 62,3072,Ostermundigen,2 ½,59 m²,1480
Lombachweg 13,3006,Bern,3 ½,80 m²,2700
Baumgartenstrasse 13,3018,Bern,2,50 m²,950
,3006,Bern,4,,1480
Lindenhofstrasse 10,3048,Worblaufen,2 ½,67 m²,1430
Schlossstrasse 90,3008,Bern,3,81 m²,1790
Schermenweg 172,3072,Ostermundigen,2,52 m²,1190
Morillonstrasse 11,3007,Bern,1,30 m²,877
Alpenstrasse 19,3052,Zollikofen,3 ½,114 m²,1950
Könizstrasse 257,3097,Liebefeld,3 ½,72 m²,1690
Alpenstrasse 111,3052,Zollikofen,4,86 m²,1870
Bondelistrasse 66,3084,Wabern,4,79 m²,1790
Bondelistrasse 66,3084,Wabern,3 ½,82 m²,1860
Waldmannstrasse 53,3027,Bern,3 ½,68 m²,1360
Dr. Zuber-Strasse 2a,3072,Ostermundigen,2 ½,52 m²,1370
Zähringerstrasse 42,3012,Bern,2,47 m²,1421
Kirchstrasse 154,3084,Wabern,4,79 m²,1663
Blinzernfeldweg 9,3098,Köniz,4 ½,,1756
Rütiweg 110,3072,Ostermundigen,4,,1390
Kirchstrasse 156,3084,Wabern,2,46 m²,1255
Rodtmattstrasse 57,3014,Bern,2,,1730
Im Gerbelacker 2,3063,Ittigen,3 ½,,1670
Sandbühlstrasse 13A,3122,Kehrsatz,4 ½,95 m²,2050
Sägemattstrasse 22,3123,Belp,3 ½,74 m²,1660
Gesellschaftsstrasse 63,3012,Bern,2,52 m²,1450
Funkstrasse 105,3084,Wabern,5 ½,,2489
Wylerringstrasse 11,3014,Bern,2 ½,118 m²,2590
Gantrischstrasse 8a,3006,Bern,2,59 m²,1280
Bernstrasse 205,3052,Zollikofen,2 ½,44 m²,1270
,3008,Bern,3 ½,90 m²,2090
Schlossstrasse 21,3098,Köniz,3 ½,68 m²,1590
Friedeckweg 8,3007,Bern,2 ½,61 m²,1585
Muesmattstrasse 48,3012,Bern,1,20 m²,880
Wylerfeldstrasse 36,3014,Bern,2 ½,,1320
Nesslerenweg 116,3084,Wabern,2 ½,78 m²,1850
Bodenacher 7,3047,Bremgarten,2 ½,67 m²,1700
Tulpenweg 102,3098,Köniz,3 ½,68 m²,1810
Eichenweg 2,3063,Ittigen,2 ½,66 m²,1810
Zwinglistrasse 2,3007,Bern,3,59 m²,1350
,3014,Bern,2 ½,,1248
Jupiterstrasse 51,3015,Bern,2 ½,61 m²,1415
Dorfstrasse,3084,Wabern,3 ½,85 m²,1732
Reichenbachstrasse 120,3004,Bern,1 ½,43 m²,1250
Reichenbachstrasse 120,3004,Bern,2 ½,60 m²,1430
Reichenbachstrasse 120,3004,Bern,2 ½,57 m²,1400
Reichenbachstrasse 120,3004,Bern,1 ½,43 m²,1250
Mühlemattstrasse 57,3007,Bern,1,57 m²,1850
Seminarstrasse 11,3006,Bern,3 ½,120 m²,2700
Rabbentalstrasse,3013,Bern,1,25 m²,1100
Flurstrasse 32,3014,Bern,3 ½,95 m²,2300
Seftigenstrasse 21,3007,Bern,3,75 m²,1670
,3006,Bern,3 ½,78 m²,1630
Bernstrasse 46,3072,Ostermundigen,1 ½,42 m²,1050
Schenkstrasse 13,3008,Bern,2 ½,58 m²,1660
Thunstrasse 31,3005,Bern,4 ½,120 m²,2750
Nesslerenweg 112,3084,Wabern,4 ½,97 m²,2240
Mittelstrasse 40/42,3012,Bern,3 ½,77 m²,2400
Sonnenhofweg 25,3006,Bern,2 ½,55 m²,1470
Nesslerenweg 48,3084,Wabern,4 ½,94 m²,2000
Ostring 25,3006,Bern,1,34 m²,870
Rodtmattstrasse 46,3014,Bern,1 ½,30 m²,1025
Wiesenstrasse 40,3072,Ostermundigen,2 ½,,1530
Egghölzliweg 6 B,3074,Muri,5 ½,124 m²,2620
Elisabethenstrasse 10,3014,Bern,2 ½,,2250
Kirchstrasse 144,3084,Wabern,5,108 m²,2200
Sahlistrasse 47,3012,Bern,2 ½,,1715
Dorfbachstrasse 64,3098,Köniz,4,76 m²,1630
Seftigenstrasse 358,3084,Wabern,3 ½,91 m²,1750
Nesslerenweg 116,3084,Wabern,3 ½,84 m²,2000
Ostring 62,3006,Bern,3 ½,,1881
Nesslerenweg 82,3084,Wabern,4 ½,92 m²,2030
neufeldstrasse,3012,bern,2 ½,,1215
Holligenstrasse 109,3008,Bern,3,73 m²,1560
Alpenstrasse 121,3052,Zollikofen,3,67 m²,1490
Sandrainstrasse 97,3007,Bern,4,102 m²,2752
Alpenstrasse 107,3052,Zollikofen,3,69 m²,1540
Alpenstrasse 103,3052,Zollikofen,4 ½,105 m²,1930
Bolligenstr. 30,3006,Bern,3,88 m²,1818
Turbenweg 1 A,3073,Gümligen,2 ½,63 m²,1730
Flurweg56,3072,Ostermundigen,3,,1380
Bolligenstr.28b,3006,Bern,5 ½,148 m²,2850
Ankerstrasse 23,3006,Bern,2,54 m²,1290
Schulhausstr. 21,3302,Moosseedorf,5,105 m²,1607
Wankdorffeldstrasse 101,3014,Bern,1,19 m²,830
Fröschmattstrasse 26,3018,Bern,3,63 m²,1400
Beethovenstrasse 46,3073,Gümligen,3 ½,73 m²,1775
Melchtalstrasse 23,3014,Bern,3,61 m²,1428
Römerweg 1,3013,Bern,1,,760
Seftigenstrasse 336,3084,Wabern,4 ½,93 m²,1740
Pulverweg 40,3006,Bern,1 ½,,770
Pulverweg 42,3006,Bern,1,,594
Rosenweg 17,3007,Bern,3,70 m²,2070
Rosenweg 17,3007,Bern,3,70 m²,2025
Wabersackerstrasse  23,3097,Liebefeld,3 ½,75 m²,1760
Fischermättelistrasse 13,3008,Bern,3 ½,70 m²,1755
Bahnhofplatz 1,3066,Stettlen,3 ½,,1830
Häberlimatteweg 21,3052,Zollikofen,5 ½,132 m²,2750
Nobsstr. 18,3072,Ostermundigen,3 ½,64 m²,1490
Riedbachstr. 95,3027,Bern,3 ½,98 m²,2055
Alemannenstrasse 46,3018,Bern,3,67 m²,1440
Könizstrasse 190,3097,Liebefeld,2,47 m²,1005
Parkstrasse 11 A,3014,Bern,1,22 m²,840
Blockweg 8,3007,Bern,2,53 m²,1450
Stöckackerstrasse 110,3018,Bern,3 ½,65 m²,1556
Blankweg 24,3072,Ostermundigen,1,27 m²,950
,3007,Bern,3 ½,,1880
Papionallee 26a,3172,Niederwangen,2 ½,59 m²,1520
Morgartenstrasse 15,3014,Bern,4 ½,95 m²,2750
Morgartenstrasse 15,3014,Bern,2 ½,42 m²,1550
Morgartenstrasse 15,3014,Bern,4 ½,85 m²,2950
Klaraweg 39,3006,Bern,3,,1450
Lerchenweg 37,3012,Bern,2 ½,67 m²,1680
Stapfenackerstrasse 60,3018,Bern,2,40 m²,1175
Bonstettenstrasse 10,3012,Bern,2,55 m²,1440
,3006,bern,2,,500
Moosstrasse 15,3073,Gümligen,3,,1700
Dorfbachstrasse 58,3098,Köniz,4 ½,90 m²,1000
Egelgasse 66,3006,Bern,3,,1350
Hostettlerweg 2,3006,Bern,4 ½,129 m²,5170
Moserstrasse 48,3014,Bern,1 ½,100 m²,2262
Giacomettistrasse 31a,3006,Bern,3 ½,86 m²,1725
Ländlistrasse 12,3047,Bremgarten,4 ½,80 m²,1745
Eigerstr. 60,3007,Bern,2,55 m²,1745
Schwarzenburgstrasse 231,3098,Köniz,3 ½,79 m²,1711
Nesslerenweg 54,3084,Wabern,3 ½,82 m²,1905
Dammweg 27,3013,Bern,3 ½,70 m²,1910
Unterdorfstr. 45,3072,Ostermundigen,3 ½,85 m²,1755
Cäcilienstr. 7a,3007,Bern,3 ½,88 m²,1660
Forelstr. 46,3072,Ostermundigen,3 ½,81 m²,1462
Im Färich 3,3038,Kirchlindach,5 ½,110 m²,1900
Sulgeneckstrasse 38,3007,Bern,2 ½,,1931
Gäbelbachstrasse 47,3027,Bern,2 ½,,930
Hagwiesenstrasse 17,3122,Kehrsatz,2 ½,,1200
Kirchstrasse 144,3084,Wabern,4 ½,100 m²,1970
Unterdorfstrasse 19,3072,Ostermundigen,3 ½,85 m²,1560
Unterdorfstrasse 19,3072,Ostermundigen,2 ½,63 m²,1310
Mühledorfstrasse 2A,3018,Bern,2 ½,51 m²,1406
Tscharnerstrasse 32,3007,Bern,2,,965
Papiermühlestr. 2 B,3013,Bern,3 ½,75 m²,1720
Fuchsweg 1,3097,Liebefeld,2,,1400
Buristr. 10,3006,Bern,4 ½,96 m²,2150
Buristr. 8,3006,Bern,3 ½,78 m²,1880
Brückfeldstr. 19,3012,Bern,1,24 m²,1000
Rathausgasse 50,3011,Bern,2,,1500
Papiermühlestr. 2 B,3013,Bern,2,55 m²,1445
Viktoriastr. 21 (Süd),3013,Bern,2 ½,56 m²,1902
Alemannenstrasse 43,3018,Bern,4,,1580
Brunngasse 30,3011,Bern,1 ½,39 m²,1590
Waldheimstrasse 14,3012,bern,1,30 m²,1190
Schlossstrasse 102,3008,Bern,3,,1460
Zieglerstrasse 36,3007,Bern,1,32 m²,970
Scheuermattweg 10,3007,Bern,1,24 m²,860
Münstergasse 55,3011,Bern,2,60 m²,1465
Heckenweg 59,3007,Bern,4,90 m²,1850
,3027,Bern,2 ½,84 m²,1082
Rodtmattstrasse 77,3014,Bern,2,,1370
Brückfeldstr. 19,3012,Bern,1,26 m²,1000
Kramgasse 74,3011,Bern,1 ½,38 m²,1700
Husmattstrasse 25,3123,Belp,5 ½,109 m²,1980
,3005,bern,3 ½,90 m²,1800
Werkgasse 56,3018,Bern,1,23 m²,990
Hintere Engehaldestrasse 12,3004,Bern,3 ½,104 m²,1890
Im Aespliz 8,3063,Ittigen,4,101 m²,1790
Winkelriedstr. 13,3014,Bern,3 ½,66 m²,1505
Brunngasse 50,3011,Bern,1,,800
Murtenstrasse 143B,3008,Bern,2,50 m²,1250
Schürlirain 44,3172,Niederwangen,1 ½,40 m²,990
Giacomettistrasse 24,3006,Bern,1,12 m²,250
Steinhöltzliweg 11,3097,Liebefeld,1 ½,,800
Kappelisackerstrasse 125,3063,Ittigen,2,53 m²,
Ostring 23,3006,Bern,3 ½,94 m²,1800
Europaplatz 1A,3008,Bern,2 ½,63 m²,1950
Bahnstrasse 99,3008,Bern,3 ½,50 m²,1580
Brünnenstrasse 45,3018,Bern,2,42 m²,1240
,3123,belp,4 ½,120 m²,850
Aarhaldenstrasse 2,3052,Zollikofen,4,91 m²,1750
Chaumontweg 20,3095,Spiegel,1,,1401
Worbstrasse 95,3074,Muri,3,,1590
Neuhausweg 23,3027,Bern,3 ½,73 m²,1390
Alpenstrasse 35,3084,Wabern,5 ½,152 m²,4600
Elfenstrasse 3,3006,Bern,5,146 m²,4800
,3027,Bern,3 ½,87 m²,2160
,3012,Bern,2,46 m²,1400
Haldenstrasse 143,3014,Bern,2,50 m²,1345
Landoltstrasse 60,3007,Bern,2,63 m²,1300
Gesellschaftsstr. 38,3012,Bern,1,30 m²,1020
Falkenweg 8,3012,Bern,1,,980
Rathausgasse 52,3011,Bern,2,,1550
Käsereistrasse 9,3145,Niederscherli,3 ½,70 m²,1480
Lerberstrasse 30,3013,Bern,6,,4290
Spühlihalde 15,3098,Köniz,3 ½,91 m²,1750
Winkelriedstr. 13,3014,Bern,3 ½,66 m²,1511
Bümplizstrasse,3027,bern,2 ½,,1445
Bümplizstrasse 48,3027,Bern,3,61 m²,1395
Talbodenstrasse 48,3098,Schliern,3 ½,,1359
Mühledorfstrasse 2,3018,Bern,1,27 m²,920
Sandstrasse 114,3302,Moosseedorf,3 ½,77 m²,1870
Bleichestrasse 43,3066,Stettlen,2 ½,56 m²,1230
Längenbühlstrasse 3,3302,Moosseedorf,3 ½,63 m²,1390
Lagerweg 6,3013,Bern,1,30 m²,860
Zähringerstr. 25,3012,Bern,2 ½,78 m²,1990
Blankweg 20,3072,Ostermundigen,4 ½,80 m²,1816
Einsteinstrasse 7,3005,Bern,2 ½,,1580
Brunngasse 30,3011,Bern,1 ½,53 m²,1970
Froschweg 25,3098,Schliern,3 ½,71 m²,1580
Froschweg 25,3098,Schliern,3 ½,71 m²,1520
Bitziusstrasse 51,3006,Bern,4 ½,104 m²,2800
Talbodenstrasse 50,3098,Schliern,3 ½,,1165
Weltpoststrasse 3B,3015,Bern,2 ½,66 m²,1870
Wiesenstrasse 10,3072,Ostermundigen,2,54 m²,1515
Länggassstrasse 108,3012,Bern,2 ½,,1600
Schosshaldentrasse 20B,3006,Bern,2 ½,,1215
Nobsstrasse 20,3072,Ostermundigen,3 ½,61 m²,1270
Hintere Engehaldestrasse 12,3004,Bern,2 ½,65 m²,1540
Schaufelweg 21,3098,Schliern,3 ½,82 m²,1795
Bleichestrasse 61,3066,Stettlen,4 ½,101 m²,1590
Muesmattstrasse 48,3012,Bern,1,23 m²,880
Riedbachstrasse,3027,Bern,2 ½,,1400
Mühledorfstrasse 1,3018,Bern,4 ½,106 m²,2900
Kranichweg 3,3074,Muri,3 ½,80 m²,1790
Kirchstrasse 5 a,3097,Liebefeld,3,60 m²,1490
Gerbestrasse 9,3072,Ostermundigen,3 ½,70 m²,1530
Bernstrasse 121,3072,Ostermundigen,4 ½,104 m²,2490
Bernstrasse 121,3072,Ostermundigen,3 ½,71 m²,1740
Dr. Zuber-Strasse 2a,3072,Ostermundigen,2 ½,52 m²,1370
,3098,Schliern,1 ½,36 m²,960
Junkerngasse 20,3011,Bern,4,,3350
,3013,Bern,1 ½,,1010
Weltpoststrasse 3A,3015,Bern,4 ½,102 m²,2620
Froschweg 11,3098,Schliern,4 ½,107 m²,2010
Schaufelweg 114,3098,Schliern,4 ½,80 m²,1740
Schloss-Strasse 143,3008,Bern,3,64 m²,1450
Bachstrasse 6,3072,Ostermundigen,2 ½,51 m²,1290
Eigerweg 14,3073,Gümligen,1,,760
Europaplatz 1B,3008,Bern,2 ½,88 m²,2415
Wankdorffeldstrasse 101,3014,Bern,2,64 m²,1620
Bümplizstrasse 200,3018,Bern,2,,1190
Kräygenweg 89,3074,Muri,4 ½,170 m²,2950
Riedbachstrasse 77,3027,Bern,2 ½,54 m²,1470
Europaplatz 1B,3008,Bern,2 ½,88 m²,2415
Looslistrasse 43,3027,Bern,1,30 m²,1000
Bleichestrasse 7,3066,Stettlen,4 ½,94 m²,1950
Lindenhofstrasse 22,3048,Worblaufen,3 ½,,1470
Hirschengraben 6,3011,Bern,3 ½,107 m²,2570
Eigerstr. 58,3007,Bern,2,43 m²,1415
,3011,Bern,3 ½,95 m²,1920
Dr. Zuber-Strasse 4B,3072,Bern,5 ½,,715
Talbodenstrasse 84,3098,Schliern,4 ½,,1930
,3037,Herrenschwanden,2 ½,74 m²,1750
Weissenbühlweg 40 B,3007,Bern,4 ½,104 m²,2440
Flurweg 64,3072,Ostermundigen,3,77 m²,1560
Bümplizstrasse 69,3018,Bern,1,38 m²,1300
Schwanengasse 5/7,3011,Bern,2 ½,78 m²,1905
,3063,Ittigen,4 ½,,850
Sahlistrasse 46,3012,Bern,2,,1470
Bierhübeliweg 35,3012,Bern,4,115 m²,2650
Murtenstrasse 143 B,3008,Bern,2,39 m²,1350
Brunngasse 30,3011,Bern,1 ½,33 m²,1470
Köniztalstrasse 8,3098,Köniz,4 ½,81 m²,1760
Bümplizstrasse,3027,Bern,3 ½,,1430
Jurastrasse 17,3013,Bern,3,70 m²,1780
Oberriedstrasse,3174,Thörishaus,3 ½,,1330
Wangenthalstrasse,3172,Niederwangen,3 ½,86 m²,1550
Fuchsacker 28,3124,Belpberg,4 ½,140 m²,1300
Junkerngasse 23,3011,Bern,4,125 m²,3190
Marktgasse 17,3011,Bern,2,68 m²,2330
Häberlimatteweg 11,3052,Zollikofen,3 ½,92 m²,1760
Effingerstr. 109,3008,Bern,2 ½,64 m²,1360
Altenbergstrasse 80,3013,Bern,2 ½,58 m²,1690
Monreposweg 12,3008,Bern,3,,1650
Kranichweg 1,3074,Muri,4 ½,97 m²,2100
Meienstrasse,3052,Zollikofen,3,65 m²,1297
untere Zollgasse 135,3063,Ittigen,2 ½,,2050
Jennershausweg 29,3098,Köniz,3 ½,80 m²,1540
Brüggbühlstrasse 45,3172,Niederwangen,4 ½,,1820
Hohle Gasse 10,3095,Spiegel,2,53 m²,1310
Villettengässli 24b,3074,Muri,4 ½,135 m²,3590
Huberstrasse 14,3008,Bern,2,51 m²,1215
Jurastrasse 65,3063,Ittigen,2 ½,84 m²,1510
Sandstrasse 106,3302,Moosseedorf,3 ½,81 m²,1890
Forelstr. 46,3072,Ostermundigen,3 ½,81 m²,1554
Bernapark 23,3066,Stettlen,2 ½,51 m²,1760
Hintere Engehaldestrasse 12,3004,Bern,2 ½,86 m²,1625
Wylerstrasse 71,3014,Bern,2,56 m²,1450
Weissensteinstrasse 49 D,3007,Bern,2,55 m²,1360
Fabrikstrasse 29 B,3012,Bern,2,52 m²,1390
Waldmeisterstrasse 44,3018,Bern,2 ½,53 m²,1420
Thunstrasse 192,3074,Muri,2 ½,45 m²,1211
Schwarzenburgstrasse 753,3145,Niederscherli,4 ½,,1710
Turbenweg 1 B,3073,Gümligen,3 ½,99 m²,2935
Holligenstrasse 35,3008,Bern,3,75 m²,1710
Bleikenmattstrasse 3,3122,Kehrsatz,3 ½,85 m²,1760
Weidgasse 10,3018,Bern,3 ½,75 m²,1510
Alpenblickstrasse 16,3052,Zollikofen,3,87 m²,1430
Breitenrainstrasse 27,3013,Bern,3 ½,75 m²,1990
Aarestrasse 30,3052,Zollikofen,3,,1330
Weissenbühlweg 40 B,3007,Bern,2 ½,65 m²,1730
Thunstrasse 192,3074,Muri,3,72 m²,1440
Rodtmattstrasse 55,3014,Bern,3,,1750
Obere Zollgasse 60,3072,Ostermundigen,3,,1250
Obere Zollgasse 51A,3072,Ostermundigen,2 ½,,1360
Zieglerstrasse 36,3007,Bern,1,31 m²,935
Schwarzenburgstrasse 753,3145,Niederscherli,3 ½,,1390
Nelkenweg 3,3006,Bern,3,,2390
Nelkenweg 3,3006,Bern,3,,2190
Meielenfeldweg 1,3052,Zollikofen,1,40 m²,1100
Hühnerbühlstrasse 20,3065,Bolligen,3 ½,84 m²,1670
Schwarzenburgstrasse 753,3145,Niederscherli,3 ½,,1390
Wilkerstrasse 76,3097,Liebefeld,3 ½,80 m²,1990
,3012,Bern,2 ½,65 m²,1650
Schulhausstr. 21,3302,Moosseedorf,3,79 m²,1285
Haselholzweg 24,3098,Schliern,2 ½,,1270
,3302,moosseedorf,3 ½,70 m²,1500
Zypressenstrasse 40,3018,Bern,3,68 m²,1160
Dettigenstrasse 3,3037,Herrenschwanden,3 ½,98 m²,2310
Kräyigenweg 93,3074,Muri,3 ½,92 m²,2080
Dettigenstrasse 3,3037,Herrenschwanden,4 ½,153 m²,3195
Jurastrasse 51,3063,Ittigen,2 ½,96 m²,1750
Lagerweg 4,3013,Bern,2 ½,50 m²,1430
Schulhausstrasse 27,3052,Zollikofen,3 ½,86 m²,2330
Unterdorfstrasse 37,3072,Ostermundigen,2 ½,56 m²,1630
Nüchternweg 12,3038,Kirchlindach,2,55 m²,1600
Im Baumgarten 2,3066,Stettlen,4 ½,102 m²,2050
Jurastrasse 25,3063,Ittigen,2 ½,63 m²,1330
Effingerstrasse 41d,3008,Bern,2 ½,88 m²,2230
Effingerstrasse 41d,3008,Bern,4 ½,192 m²,4740
Effingerstrasse 41d,3008,Bern,3 ½,118 m²,2990
Lutertalstrasse 39,3065,Bolligen,3,84 m²,1690
Oberwohlenstrasse 30,3033,Wohlen,4 ½,137 m²,4020
Wabersackerstr. 79,3097,Liebefeld,3,69 m²,1580
Falkenweg 8,3012,Bern,2 ½,,1590
Schützenrain 9,3042,Ortschwaben,5 ½,116 m²,1880
Neuhausweg 21,3027,Bern,3,,1495
Kranichweg 3,3074,Muri,4 ½,97 m²,2110
,3004,Bern,3,60 m²,1610
Dettigenstrasse  1b,3037,Herrenschwanden,2 ½,,1490
Wangenstrasse 96,3018,Bern,3,72 m²,1500
Blinzernfeldweg 12,3098,Köniz,3,65 m²,1490
waldheimstrasse 6,3012,Bern,1,,1300
Dettigenstrasse 1b,3037,Herrenschwanden,5 ½,138 m²,3210
Dettigenstrasse 1c,3037,Herrenschwanden,3 ½,82 m²,1990
Schönburgstrasse 19,3013,Bern,3 ½,70 m²,1995
Scheyenholzstrasse 15,3075,Rüfenacht,2 ½,,1250
Asterweg 20,3004,Bern,3 ½,90 m²,1950
Schwarzenburgstr. 73 / Geb. A,3097,Liebefeld,2 ½,49 m²,1640
Spühlirain 33,3098,Schliern,3 ½,,1380
Nordweg 6,3013,Bern,3 ½,85 m²,2480
Schwarzenburgstrasse,3147,Mittelhäusern,4 ½,,1000
Schwarzenburgstr. 73 / Geb. A,3097,Liebefeld,2 ½,49 m²,1590
Alpenstrasse 59,3052,Zollikofen,4 ½,105 m²,2040
Zeughausgasse 27,3011,Bern,2,65 m²,2185
Aarbergergasse 57,3011,Bern,2 ½,99 m²,2375
Neuhausweg 25,3027,Bern,4 ½,113 m²,775
Schönauweg,3007,Bern,3 ½,77 m²,1499
Thunstrasse 188,3074,Muri,5 ½,162 m²,2635
Birkenweg 30,3123,Belp,4 ½,,1490
Papillonallee 9-21,3172,Niederwangen,3 ½,86 m²,1860
Papillonallee 9-21,3172,Niederwangen,2 ½,50 m²,1525
Papillonallee 9-21,3172,Niederwangen,1 ½,42 m²,1180
Jurastrasse 57,3063,Ittigen,4 ½,100 m²,1900
Jurastrasse 51,3063,Ittigen,4 ½,98 m²,1830
Jurastrasse 41,3063,Ittigen,4 ½,162 m²,2640
Pappelweg 8,3072,Ostermundigen,3 ½,64 m²,1460
Bleichestrasse 11,3066,Stettlen,4 ½,94 m²,1950
Laupenackerstr. 18,3302,Moosseedorf,3 ½,76 m²,1480
Kirchstrasse 2-8 / 24-26,3097,Liebefeld,,139 m²,2526
Aegertenstrasse 57,3005,Bern,4,,2790
Aarbergergasse 35,3011,Bern,2 ½,,1545
Bernstrasse 25,3072,Ostermundigen,4 ½,108 m²,3500
Nordweg 12,3013,Bern,3 ½,90 m²,2620
Bernstrasse 15,3072,Ostermundigen,3,64 m²,1550
Könizstrasse 77/79,3008,Bern-Fischermätteli,2,53 m²,1500
Köniztalstrasse 10,3098,Köniz,4 ½,81 m²,1760
Kornhausplatz 7,3011,Bern,3 ½,118 m²,3390
Flurweg 12,3072,Ostermundigen,3 ½,81 m²,1610
Brüggliweg 9,3073,Gümligen,3,54 m²,1275
Schulhausstr. 11,3302,Moosseedorf,4,91 m²,1469
Holligenstrasse 121,3008,Bern,3,73 m²,1545
Hohburgstrasse 19,3123,Belp,4 ½,79 m²,1600
Brunnenstrasse 19,3123,Belp,4 ½,,1670
Bernstrasse 25,3072,Ostermundigen,3 ½,80 m²,2540
Schulhausstrasse 27a,3052,Zollikofen,3 ½,90 m²,2270
Schulhausstrasse 27,3052,Zollikofen,3 ½,94 m²,2260
Schulhausstrasse 27,3052,Zollikofen,3 ½,99 m²,2130
Laupenackerstr. 14,3302,Moosseedorf,4 ½,91 m²,1600
Altikofenstrasse 8,3048,Worblaufen,3 ½,79 m²,1536
Bernstrasse 25,3072,Ostermundigen,3 ½,82 m²,2555
Trüsselstrasse 4,3014,Bern,1 ½,24 m²,2310
Lutertalstr. 60,3065,Bolligen,4 ½,141 m²,2090
Aarestr. 2,3052,Zollikofen,3 ½,77 m²,1510
Gerliswilstrasse 35,6020,Emmenbrücke,1,27 m²,690
Militärstrasse 37,6003,Luzern,3,74 m²,1570
Schauenseestr. 4,6010,Kriens,4,90 m²,1600
Mozartstr. 3,6004,Luzern,4,87 m²,1680
,6004,Luzern,3,75 m²,1940
Kellerstrasse 19,6005,Luzern,4,,1570
Längweiherstr. 22,6014,Luzern,3 ½,75 m²,1540
Wichlernstrasse 14,6010,Kriens,4 ½,103 m²,1900
Zihlmattweg 44,6005,Luzern,3 ½,76 m²,2150
Zihlmattweg 44,6005,Luzern,2 ½,46 m²,1620
Luzernerstrasse 141m,6014,Littau-Luzern,3 ½,88 m²,1885
Moosstr. 35,6033,Buchrain,4 ½,104 m²,1764
Haldenstrasse 5,6006,Luzern,4,,2950
Gütschstrasse 1,6003,Luzern,2,63 m²,1350
Rössligasse 13,6004,Luzern,1 ½,45 m²,1150
Eschenweg 12,6030,Ebikon,3 ½,,1490
Gartenweg 5,6032,Emmen,3 ½,87 m²,1810
Sagenmattstrasse 22,6003,Luzern,3,,1450
Winkelriedstrasse 37,6003,Luzern,2 ½,60 m²,1630
Kauffmannweg 28,6003,Luzern,2 ½,72 m²,1780
Abendweg,6006,Luzern,2,51 m²,1075
Adligenstrasse 1,6020,emmenbrücke,3 ½,,1468
Zentralstr. 15,6030,Ebikon,3 ½,80 m²,1760
Ebisquare-Str. 7,6030,Ebikon,2 ½,63 m²,1530
Feldbreite Emmen,6032,Emmen,2 ½,63 m²,1450
Wichlernstrasse 3a,6010,Kriens,4 ½,106 m²,1950
Unter Sidhalden,6010,Kriens,2 ½,65 m²,1670
Lauerzweg 1a,6010,Kriens,2 ½,68 m²,1690
,6010,Kriens,3 ½,117 m²,2340
Reckenbühlstrasse 6,6005,Luzern,3,,1600
Salzfassstrasse 8a,6006,Luzern,3 ½,,3240
Gemeindehausplatz 13,6048,Horw,2 ½,67 m²,1760
Adligenstrasse 7,6020,Emmenbrücke,4 ½,84 m²,1720
Unter-Spitalhof 4,6032,Emmen,4 ½,96 m²,1805
Horwerstrasse 32,6005,Luzern,3 ½,100 m²,2510
Erlenstrasse 42,6020,Emmenbrücke,3 ½,78 m²,1450
Feldmühlestr. 20,6010,Kriens,4,70 m²,1530
Altegghalde 1,6045,Meggen,4 ½,,3490
Felsental 7,6006,Luzern,3 ½,55 m²,1150
Wichlernstrasse 8,6010,Kriens,4 ½,103 m²,1860
Bifangstr. 14,6048,Horw,3 ½,68 m²,1480
Maihofstrasse 4,6004,Luzern,2 ½,104 m²,2000
Sempacherstrasse 34,6003,Luzern,1,25 m²,765
Schädrütistrasse,6006,Luzern,5 ½,12 m²,850
Bruchstrasse 2,6003,Luzern,2,85 m²,2130
,6023,Rothenburg,1,27 m²,628
Winkelriedstrasse 56,6003,Luzern,2 ½,57 m²,1900
Bleicherstrasse 29,6003,Luzern,3 ½,81 m²,1710
Biregghang 6,6005,Luzern,3 ½,87 m²,1780
Gärtnerweg 1,6010,Kriens,2 ½,60 m²,1330
Habsburgerstrasse 11,6003,Luzern,3,72 m²,1540
Hauptstrasse 17,6015,Luzern,3 ½,,1370
Bergstrasse 13,6004,Luzern,2 ½,90 m²,1950
Mühlemattstr. 9,6004,Luzern,1,24 m²,900
Spitzberglistrasse 6,6048,Horw,3 ½,80 m²,1590
Widenrain 6,6363,Obbürgen,2 ½,34 m²,1740
,6003,Luzern,1 ½,30 m²,1192
,6005,Luzern,2 ½,48 m²,1730
Mühlematt 11,6020,Emmenbrücke,3,61 m²,1350
Seefeldrain 3,6006,Luzern,4 ½,103 m²,2130
Seefeldstrasse 8,6006,Luzern,3 ½,84 m²,2120
Seefeldstrasse 8,6006,Luzern,4 ½,100 m²,2220
Imfangring 16,6005,Luzern,4 ½,92 m²,1690
Kreuzhausweg 7,6010,Kriens,4 ½,81 m²,1575
Maihofstrasse 4,6004,Luzern,3,90 m²,1930
Sempacherstrasse 19,6003,Luzern,3,,1820
Feldbreite Emmen,6032,Emmen,2 ½,60 m²,1410
Bruchstrasse 24,6003,Luzern,2 ½,62 m²,1500
Centralstrasse 5,6020,Emmenbrücke,1 ½,,850
Untere Wiese 7,6020,Emmenbrücke,2 ½,61 m²,1480
Untere Wiese 7,6020,Emmenbrücke,2 ½,61 m²,1430
Schlossweg 14,6010,Kriens,3,60 m²,1450
Brisenstrasse 7,6020,Emmenbrücke,3 ½,82 m²,1950
Lindenfeldring 6,6032,Emmen,1 ½,30 m²,1090
Lindenstrasse 34,6015,Luzern,2 ½,50 m²,1260
Würzenbachstr. 34,6006,Luzern,3,64 m²,1530
Habsburgerstrasse 37,6003,Luzern,4 ½,115 m²,2300
Gallusstrasse 10,6010,Kriens,3 ½,74 m²,1790
Am Mattenhof 4a,6010,Kriens,3 ½,84 m²,2045
Schönbühlring 3,6005,Luzern,3 ½,71 m²,1750
Winkelriedstrasse,6003,Luzern,2 ½,58 m²,1450
Wyssmattstrasse 6,6010,Kriens,1,,2500
Wyssmattstrasse 6,6010,Kriens,,,1300
Maihofmatte 8,6006,Luzern,3 ½,68 m²,1700
Wyssmattstrasse,6010,Kriens,1,,1100
Luzernerstrasse 141d,6014,Littau-Luzern,3 ½,88 m²,1955
Wichlernweg 11,6010,Kriens,4,84 m²,1660
Wichlernstrasse 14,6010,Kriens,2 ½,65 m²,1480
Feldhöfli 3,6012,Obernau,4 ½,102 m²,1980
Burgerstrasse 6,6003,Luzern,2 ½,57 m²,1140
Sonnenbergstrasse 17,6052,Hergiswil,3 ½,,1540
Brünigstrasse 11,6005,Luzern,2,40 m²,1390
Benziwil 47,6020,Emmenbrücke,4 ½,108 m²,1830
Ennetweg 4,6015,Luzern,3 ½,79 m²,1990
Blattenmoosstrasse 4,6014,Luzern,2,60 m²,1150
Würzenbachhalde 7,6006,Luzern,2,33 m²,940
Seefeldstrasse 17,6006,Luzern,3 ½,72 m²,1710
St. Karliquai 9,6004,Luzern,1 ½,,1225
Wichlernstrasse 6,6010,Kriens,3 ½,80 m²,1730
Lauerzweg 1a,6010,Kriens,1 ½,52 m²,1350
Obere Erlen 31b,6020,Emmenbrücke,2 ½,,1242
Neuenkirchstrasse 7,6020,Emmenbrücke,2 ½,52 m²,1540
Baselstrasse 43,6003,Luzern,4,66 m²,1680
Baselstrasse 43,6003,Luzern,3,55 m²,1530
Roseneggweg 3,6005,Luzern,2,43 m²,1180
Sonnhalde,6013,Eigenthal,2 ½,65 m²,1300
Sternmattstrasse 119,6005,Luzern,2 ½,,1850
Wichlernstrasse 3a,6010,Kriens,2 ½,52 m²,1410
Brunnmattstrasse 18,6048,Horw,1,34 m²,790
Geissmattstasse 60,6004,Luzern,2,60 m²,1340
Rudolfstrasse 1,6023,Rothenburg,3,70 m²,1350
Am Mattenhof 14,6010,Kriens,3 ½,89 m²,2200
Meiersmattstrasse 21a,6043,Adligenswil,6 ½,160 m²,3800
Eschenstrasse 12,6020,Emmen,3 ½,72 m²,1550
Kehlhofrain,6043,Adligenswil,2 ½,59 m²,1347
Matthofring 24,6005,Luzern,3 ½,70 m²,1715
Matthofring 22,6005,Luzern,3 ½,70 m²,1715
Längweiherstr. 16,6014,Luzern,3 ½,75 m²,1560
Mühlematt  7,6020,Emmenbrücke,4,72 m²,1480
Haslirainstrasse 10,6035,Perlen,4 ½,101 m²,2040
Ruopigenstrasse 8,6015,Luzern,1,27 m²,755
Ruopigenstrasse 8,6015,Luzern,1,27 m²,755
Matthofring 24,6005,Luzern,4,82 m²,1600
Gerliswilstrasse 41,6020,Emmenbrücke,3 ½,65 m²,1490
Arsenalstrasse 10,6010,Kriens,2,,1250
Kantonsstrasse 40,6048,Horw,5 ½,140 m²,2885
Eichwaldstrasse 35,6005,Luzern,3,95 m²,1420
Voltastrasse 24,6005,Luzern,3 ½,80 m²,2040
,6043,Adligenswil,4 ½,130 m²,850
Obermättlistrasse 13,6015,Luzern,3 ½,,1250
Gibraltarstrasse 31,6003,Luzern,3 ½,108 m²,2050
Moosstrasse,6003,Luzern,2 ½,,1350
Hirtenhofring 20,6005,Luzern,2 ½,61 m²,1315
Würzenbachstr. 38,6006,Luzern,3,64 m²,1510
Seefeldstrasse 16,6006,Luzern,3 ½,95 m²,2310
Bundesplatz 4a,6003,Luzern,2,47 m²,1250
Grabenstrasse 11,6004,Lucerne,2 ½,53 m²,1590
Bruchstrasse 9,6003,Luzern,2 ½,42 m²,1430
,6030,Ebikon,3 ½,81 m²,1550
Gemeindehausplatz 13,6048,Horw,2 ½,68 m²,1730
Schauenseestrasse 4,6010,Kriens,4,90 m²,1600
Seefeldstrasse 12,6006,Luzern,3 ½,96 m²,2380
Kolbenstrasse 13,6032,Emmen,4 ½,,1460
Udelbodenstrasse 1,6014,Luzern,3 ½,76 m²,1620
Baselstrasse 97,6003,Luzern,3,,1800
Hergiswaldstrasse 6,6012,Kriens-Obernau,4 ½,103 m²,1860
Landschaustrasse 19,6006,Luzern,4 ½,86 m²,1800
Fluhmattweg,6004,Luzern,4,150 m²,3410
An der Kleinen Emme 2,6014,Luzern,3 ½,,1800
Luzernerstrasse 82,6030,Ebikon,3 ½,72 m²,2000
Untere Halten 3,6032,Emmen,4 ½,95 m²,1690
Luzernerstrasse 82,6030,Ebikon,4 ½,97 m²,2750
Grüneggstrasse 10,6005,Luzern,3 ½,72 m²,1725
Mariahilfgasse 7,6004,Luzern,2 ½,76 m²,1880
Flecken 28,6023,Rothenburg,3,69 m²,1390
Eichmattstrasse 3,6005,Luzern,3 ½,81 m²,1995
Am Mattenhof 4a,6010,Kriens,2 ½,67 m²,1640
Schachenstrasse 4,6010,Kriens,1,23 m²,1290
Steinenstrasse 2,6048,Horw,4 ½,90 m²,2540
Längweiherstr. 10,6014,Luzern,2 ½,56 m²,1390
Meierhöflistrasse 3,6020,Emmenbrücke,1,40 m²,980
Grabenstrasse 13,6004,Luzern,1 ½,106 m²,2100
Oberhusrain 12,6010,Kriens,6 ½,158 m²,4400
Güterstr. 2b,6005,Luzern,2 ½,69 m²,1840
Würzenbachhalde 13,6006,Luzern,1,25 m²,890
,6020,Emmenbrücke,3 ½,70 m²,1565
,6003,Luzern,1,24 m²,750
Schachenweidstr. 123,6030,Ebikon,3 ½,76 m²,1445
Eiholzmatte 4,6045,Meggen,4,90 m²,2225
Hirtenhofring 19,6005,Luzern,2 ½,,1735
Sagenmattrain 3,6003,Luzern,2 ½,40 m²,1320
Reussmatt 3,6032,Emmen,4 ½,,1490
,6004,Luzern,4,100 m²,1950
Althof 2,6030,Ebikon,3,,1500
Meilipromenade 25,6032,Emmen,4 ½,105 m²,2140
Luzernerstrasse 132,6014,Littau,4,80 m²,1575
Gemeindehausplatz 13,6048,Horw,3 ½,90 m²,1960
Gibraltarstrasse 30,6003,Luzern,3 ½,85 m²,2060
Löwenplatz 9,6004,Luzern,3 ½,,1870
Schlossweg 6,6010,Kriens,4 ½,,1260
Bergstrasse 1,6004,Luzern,3 ½,89 m²,2190
,6003,Luzern,3,64 m²,1620
Grünauring 19,6014,Luzern,3 ½,87 m²,1890
Villastr. 12,6010,Kriens,2 ½,61 m²,1340
Hertensteinstrasse 32,6004,Luzern,2,56 m²,1560
Sedelstrasse 22,6020,Emmenbrücke,3 ½,65 m²,1320
Sagenmattstrasse 22,6003,Luzern,3,,1449
Uferweg 6,6014,Luzern,2 ½,,1100
Längweiherstr. 20,6014,Luzern,3 ½,75 m²,1540
Claridenstrasse 9,6003,Luzern,3 ½,75 m²,2550
Seefeldstrasse 6,6006,Luzern,3 ½,87 m²,2570
Ennetweg 4,6015,Luzern,2,37 m²,1290
Eichenspesstr. 12,6010,Kriens,4 ½,106 m²,1990
Baselstrasse 22,6003,Luzern,2,67 m²,1410
Spannortstrasse 14,6003,Luzern,4 ½,104 m²,1950
Adligenstrasse 7,6020,Emmenbrücke,3 ½,69 m²,1480
Gärtnerweg 2,6010,Kriens,3,74 m²,1595
Am Mattenhof 14,6010,Kriens,3 ½,86 m²,2190
Am Mattenhof 14,6010,Kriens,2 ½,69 m²,1825
Baselstrasse 27,6003,Luzern,3,60 m²,1350
Sagenmattstrasse 28,6003,Luzern,4 ½,85 m²,1960
Ruopigenstrasse 8,6015,Luzern,1 ½,46 m²,1075
Villastr. 12,6010,Kriens,2 ½,61 m²,1360
Schlösslihalde 31A,6006,Luzern,2 ½,66 m²,1790
Maihofstr. 68A,6006,Luzern,3 ½,81 m²,1670
Bundesplatz 4,6003,Luzern,3,90 m²,1880
Seehof 7,6004,Luzern,1 ½,32 m²,1455
Langensandstrasse 82,6005,Luzern,2,43 m²,1150
Ebrütistrasse 1,6043,Adligenswil,2 ½,,1400
Würzenbachhalde 7,6006,Luzern,3 ½,79 m²,1710
Bernstrasse 57 b,6003,Luzern,3,58 m²,1510
Sagenmattstrasse 20a,6003,Luzern,3,59 m²,1450
Houelbachstr. 7,6010,Kriens,4 ½,102 m²,1990
Gibraltarstrasse 13,6003,Luzern,1,,1100
Blattenmoosstrasse 2,6014,Luzern,3,50 m²,1540
Blattenmoosstrasse 2,6014,Luzern,1,,700
Winkelriedstrasse 56,6003,Luzern,3 ½,76 m²,1940
Neustadtstr. 8c,6003,Luzern,3 ½,71 m²,1710
,6010,Kriens,1 ½,85 m²,1950
Sagenmattstrasse 20,6003,Luzern,3 ½,106 m²,1780
Seefeldstrasse 3,6006,Luzern,4 ½,140 m²,2645
Liebenauweg 6,6006,Luzern,3 ½,81 m²,2000
Papiermühleweg 3,6048,Horw,3 ½,,1430
Dammstrasse 17,6003,Luzern,1,,1100
Dammstrasse 17,6003,Luzern,2,,1250
Schützenmatte B 11,6362,Stansstad,3 ½,92 m²,1760
Gärtnerweg 7,6010,Kriens,3 ½,83 m²,1654
Sagenmattstrasse 26,6003,Luzern,4 ½,80 m²,1470
Feldmühlestr. 18,6010,Kriens,4,70 m²,1520
Mühlematt  8,6020,Emmenbrücke,4,72 m²,1470
Reussmatt 3,6032,Emmen,4 ½,,1470
Dammstrasse 17,6003,Luzern,3,80 m²,1500
Baselstrasse 63,6003,Luzern,4,70 m²,1400
Bernstrasse 57 a,6003,Luzern,4 ½,84 m²,1620
Seehof 7,6004,Luzern,1 ½,31 m²,1435
Eschenweg 14,6030,Ebikon,4 ½,,1610
Sagenmattrain 3,6003,Luzern,4,,1570
Am Mattenhof 14,6010,Kriens,2 ½,69 m²,1815
Bernstrasse 9,6003,Luzern,2 ½,40 m²,1530
Bernstrasse 3,6003,Luzern,2 ½,42 m²,1660
Sagenmattrain 3,6003,Luzern,4,64 m²,1590
Längweiherstr. 22,6014,Luzern,3 ½,75 m²,1580
Bernstrasse 61,6003,Luzern,3,85 m²,1520
Brandgässli 9,6004,Luzern,3 ½,60 m²,6490
Brandgässli 9,6004,Luzern,3 ½,75 m²,5490
Brandgässli 9,6004,Luzern,3 ½,75 m²,5690
Brandgässli 9,6004,Luzern,3 ½,73 m²,5490
Brandgässli 9,6004,Luzern,2,47 m²,5490
Brandgässli 9,6004,Luzern,1 ½,43 m²,5090
Brandgässli 9,6004,Luzern,2,38 m²,5190
Brandgässli 9,6004,Luzern,1,22 m²,4490
Brandgässli 9,6004,Luzern,1 ½,36 m²,4990
Brandgässli 9,6004,Luzern,1,19 m²,4890
Tribschenstrasse 24,6003,Luzern,1,15 m²,1090
Zihlmattweg 44,6005,Luzern,2 ½,43 m²,1690
Zihlmatweg 44,6005,Luzern,1 ½,31 m²,1290
Zihlmattweg 44,6005,Luzern,1,25 m²,1150
Neustadtstrasse 16,6003,Lucerne,,19 m²,1753
Neustadtstrasse 16,6003,Lucerne,,13 m²,1546
Neustadtstrasse 16,6003,Lucerne,,12 m²,1235
Schlimpergstrasse 10,8307,Effretikon,4,86 m²,1724
Waldeggweg 7A,8400,Winterthur,4,,1850
,8307,Effretikon,3,62 m²,1325
Aeckerwiesenstr. 24,8400,Winterthur,3 ½,61 m²,1695
,8306,Brüttisellen,3,60 m²,1430
Zypressenstrasse 20,8408,Winterthur,3 ½,68 m²,1490
Hegistr. 41b,8404,Winterthur,3 ½,93 m²,1995
Bleichestrasse 21a,8400,Winterthur,3 ½,65 m²,1565
Grosswiesenstr. 54,8422,Pfungen,4 ½,90 m²,1840
Grosswiesenstr. 57,8422,Pfungen,2 ½,60 m²,1370
,8308,Illnau,2 ½,100 m²,800
Pfaffenwiesenstrasse 52,8404,Winterthur,3 ½,70 m²,1505
Obere Schöntalstrasse 42,8406,Winterthur,3 ½,91 m²,2050
Blutzwis 10,8604,Kindhausen,5 ½,120 m²,2146
Am Dorfbach 21,8308,Illnau,4 ½,111 m²,2135
Zypressenstrasse 22,8408,Winterthur,3,56 m²,600
Im Gassacher 7,8307,Effretikon,4 ½,97 m²,2030
Sulzerallee 59,8404,Winterthur,3 ½,98 m²,2305
Sennhofweg 114,8482,Sennhof,4,80 m²,1550
Rosentalstrasse 72,8400,Winterthur,3 ½,66 m²,1810
Rechweg 14,8600,Dübendorf,2 ½,88 m²,3210
Bühlwiesenstrasse,8309,Nürensdorf,4 ½,110 m²,2157
Giessenstrasse 15,8600,Dübendorf,3 ½,99 m²,2370
Dürrenrainstrasse 7,8422,Pfungen,2 ½,64 m²,1590
Schulstrasse 7,8307,Effretikon,3 ½,70 m²,1595
Lindenstrasse 7,8400,Winterthur,4 ½,,2190
Tellstrasse 46,8400,Winterthur,3 ½,69 m²,1610
Auenring 16,8303,Bassersdorf,3,66 m²,1650
Bahnhofstrasse 21,8422,Pfungen,2 ½,64 m²,1545
Bahnhofstrasse 21,8422,Pfungen,2 ½,60 m²,1490
Bahnhofstrasse 21,8422,Pfungen,2 ½,60 m²,1590
Vogelbuckstrasse 32,8307,Effretikon,3,67 m²,1560
Rechweg 14,8600,Dübendorf,4 ½,95 m²,2990
Waltensteinerstrasse 3a,8418,Schlatt,3 ½,100 m²,2150
Oberer Graben 50,8400,Winterthur,4 ½,90 m²,2600
Hörnlistrasse 83,8400,Winterthur,3 ½,107 m²,2800
Zürcherstrasse 62a,8406,Winterthur,1 ½,50 m²,1260
Riedweg 24,8600,Duebendorf,4 ½,120 m²,3684
,8400,Winterthur,2,80 m²,1950
Wülflingerstrasse 172,8408,Winterthur,2 ½,59 m²,1720
,8405,Winterthur,5,137 m²,2260
,8472,Seuzach,3 ½,84 m²,1835
,8458,Dorf,1 ½,,875
Bürglistrasse 9,8400,Winterthur,3,,1575
Magazingasse 2,8400,Winterthur,2 ½,49 m²,1535
Gerenhalde 16,8317,Tagelswangen,3 ½,97 m²,2280
Wässerwiesenstr. 81c,8408,Winterthur,3 ½,93 m²,2030
Rychenbergstrasse 59d,8400,Winterthur,3 ½,90 m²,2030
Krummackerstrasse 15,8406,Winterthur,3,57 m²,1370
oberebriggerstrasse,8406,winterthur,1,30 m²,1100
Wallrütistrasse 78,8404,Winterthur,3,60 m²,1371
Grenzstrasse 7,8406,Winterthur,4 ½,,2450
Stationsstrasse 7,8406,Winterthur,3 ½,,1658
Heiniweg 16,8404,Winterthur,3 ½,77 m²,1555
Moosburgstrasse 27,8370,Effretikon,3,70 m²,1693
Seuzacherstr. 13b,8400,Winterthur,3 ½,95 m²,2490
Hofwiesenweg 2,8405,Winterthur,2,53 m²,1395
Bleichestrasse 21a,8400,Winterthur,1,36 m²,1000
Hofwiesenstrasse 5,8305,Dietlikon,2 ½,54 m²,1730
Guggenbühlstrasse 10,8404,Winterthur,3,58 m²,1435
Julius Maggistrasse 65,8310,Kemptthal,4 ½,111 m²,2170
Unt. Schöntalstrasse 9,8406,Winterthur,2 ½,55 m²,1270
Unt. Schöntalstrasse 3,8406,Winterthur,3,61 m²,1430
,8472,Seuzach,5 ½,130 m²,2850
Heiniweg 16,8404,Winterthur,3 ½,77 m²,1525
Allmannstrasse 16,8400,Winterthur,2 ½,66 m²,1790
Turmstrasse 72,8400,Winterthur,2 ½,40 m²,1350
,8542,Wiesendangen,3 ½,81 m²,1980
Holzlegistrasse,8408,Winterthur,3,,1498
Wülflingerstrasse 324,8408,Winterthur,4,,1530
Pflanzschulstrasse 37,8400,Winterthur,4 ½,126 m²,2840
Illnauerstrasse 35,8307,Effretikon,3 ½,79 m²,1640
Schmittenackerstr. 5,8309,Nürensdorf,4 ½,88 m²,1852
Bahnhofstrasse 55,8600,Dübendorf,3,67 m²,1590
Neuwiesenstrasse 10,8400,Winterthur,,,1290
Stadlerstrasse 152,8404,Winterthur,4 ½,98 m²,1970
Alte Winterthurerstrasse 48,8309,Nürensdorf,3 ½,98 m²,2125
Weststr. 131,8408,Winterthur,3 ½,82 m²,2010
Rebenstrasse 2,8307,Effretikon,1 ½,35 m²,887
Gemeindehausstrasse 20,8542,Wiesendangen,2 ½,55 m²,1540
,8305,Dietlikon,1 ½,32 m²,1120
Feldstrasse 11,8400,Winterthur,3 ½,64 m²,1580
Wieshofstrasse 80,8408,Winterthur,3 ½,80 m²,1470
Lindenstraße 16,8307,Effretikon,1,30 m²,910
Gottfried Keller-Strasse 77,8400,Winterthur,3 ½,72 m²,1635
Unterwiesenstrasse 4,8408,Winterthur,3,66 m²,1585
Talgartenstrasse 8,8308,Illnau,3 ½,94 m²,2230
Zürcherstrasse 62a,8406,Winterthur,3 ½,110 m²,2200
Riedhofstrasse 58,8408,Winterthur,2 ½,63 m²,1720
Hofwisenstr. 4,8317,Tagelswangen,3 ½,111 m²,2180
Reutlingerstr. 15,8404,Winterthur,4 ½,94 m²,1900
Euelstr. 66,8408,Winterthur,3 ½,114 m²,2244
St. Gallerstrasse 50,8400,Winterthur,2 ½,72 m²,2040
,8317,Tagelswangen,1 ½,40 m²,935
Giessenstrasse 1,8600,Dübendorf,3 ½,102 m²,2550
Illnauerstrasse 17,8307,Effretikon,2 ½,73 m²,1600
Im Grund 15,8442,Hettlingen,3 ½,123 m²,1870
Eichgutstr. 2,8400,Winterthur,5 ½,143 m²,3450
Rümikerstrasse 36,8409,Winterthur,4 ½,115 m²,2500
Wartstr. 26,8400,Winterthur,1,31 m²,1250
Schlosshofstr. 64,8400,Winterthur,3 ½,91 m²,2150
Lindbergstrasse 20,8404,Winterthur,3,56 m²,1490
Hofwisenstr. 4,8317,Tagelswangen,3 ½,111 m²,2210
Zelgliweg 3,8602,Wangen,2,70 m²,1680
Müllerhölzlistrasse 2,8604,Volketswil-Kindhausen,2 ½,67 m²,1580
Werkstrasse,8400,Winterthur,3,61 m²,1598
,8404,Oberwinterthur,3,75 m²,1000
,8307,Effretikon,2 ½,,1370
Überlandstrasse 220,8600,Dübendorf,4,,1750
Holzlegistr. 15a,8408,Winterthur,3 ½,85 m²,1809
Dättnauerstr. 147,8406,Winterthur,5 ½,122 m²,2680
Eichliackerstrasse 23,8406,Winterthur,2 ½,75 m²,1850
Seuzachstr. 8,8413,Neftenbach,3 ½,84 m²,1699
Baderstrasse 21,8400,Winterthur,3 ½,,1890
Sulzerallee 59,8404,Winterhur,3 ½,98 m²,2350
Poststrasse 1,8406,Winterthur,2 ½,53 m²,1670
Schlosstalstrasse,8406,Winterthur,3 ½,60 m²,1670
Pionierstr. 18,8400,Winterthur,4 ½,98 m²,2230
Hulfteggstrasse 14,8400,Winterthur,3 ½,90 m²,1690
Oberfeldstrasse 93,8408,Winterthur,3,60 m²,1518
Wiesentalweg 4,8542,Wiesendangen,3 ½,,2400
Brandrietstrasse 2,8307,Effretikon,2 ½,78 m²,1850
Römerstrasse,8404,Winterthur,4,90 m²,1860
Guggenbühlstrasse 28,8404,Winterthur,3,58 m²,1445
Giessenstrasse 3,8600,Dübendorf,3 ½,94 m²,2590
Am Giessenpark 9,8600,Dübendorf,2 ½,65 m²,1950
Sulzer-Allee 71,8404,Winterthur,2 ½,72 m²,1810
Else-Züblin-Str. 74,8404,Winterthur,3 ½,100 m²,2140
Feldstr. 49,8400,Winterthur,2 ½,72 m²,1470
,8406,Winterthur,3 ½,,2110
Bahnhofstrasse 21,8422,Pfungen,1 ½,56 m²,1785
Am Eulachpark 15,8404,Winterthur,3 ½,101 m²,2280
Am Eulachpark 13,8404,Winterthur,4 ½,148 m²,2610
Vogelbuckstr. 32,8307,Effretikon,3,67 m²,1560
Schaffhauserstrasse 56,8400,Winterthur,1 ½,70 m²,1370
Kanzleistrasse,8405,Winterthur,3,,1560
,8307,Effretikon,3,67 m²,1560
Klotenerstrasse 28,8303,Bassersdorf,1,30 m²,1550
Im Grund 6,8442,Hettlingen,3 ½,83 m²,1745
Zürcherstrasse 30,8400,Winterthur,3,50 m²,1590
Oberseenerstrasse 16,8405,Winterthur,3,63 m²,1640
Obere Schöntalstrasse 44,8406,Winterthur,4 ½,107 m²,2420
Feldstr. 49,8400,Winterthur,2,60 m²,1375
Stadlerstrasse 35,8472,Seuzach,4 ½,100 m²,2120
Rössligasse 10,8405,Winterthur,3 ½,80 m²,1850
Im Wattbuck 3,8307,Effretikon,2 ½,66 m²,1565
Lindenstrasse 9,8307,Effretikon,3 ½,87 m²,1920
Dorfstrasse 8b,8483,Kollbrunn,3 ½,98 m²,1940
Dorfstrasse 8b,8483,Kollbrunn,2 ½,63 m²,1460
Bisikonerstrasse 9,8308,Illnau,4,80 m²,1798
Emil Klöti-Str. 2,8406,Winterthur,3 ½,88 m²,1895
Konradstr. 3,8400,Winterthur,3,53 m²,1423
Schulhausstrasse 8,8489,Wildberg,4 ½,125 m²,2100
,8312,Winterberg,5 ½,127 m²,2800
Hulfteggstr. 23,8400,Winterthur,4,75 m²,1500
Ursulaweg 33,8404,Winterthur,3 ½,79 m²,1560
Else-Züblin-Strasse 85c,8404,Winterthur,1,115 m²,2250
Holzlegistr. 6,8408,Winterthur,3,61 m²,1435
Bietenholzstrasse 4,8307,Effretikon,4,85 m²,1960
Rütlistrasse 18,8307,Effretikon,3,66 m²,1570
Kornweg 2,8405,Winterthur,4,,1690
Lägernstrasse 2,8803,Bassersdorf,2 ½,55 m²,1500
Ida-Sträulistr. 49,8404,Winterthur,3 ½,83 m²,2050
Bäumlistrasse 3,8404,Winterthur,4 ½,95 m²,3130
Grosswiesenstr. 58,8422,Pfungen,3 ½,74 m²,1575
Walkestrasse 16,8400,Winterthur,3,65 m²,1650
Aspstrasse 5c,8472,Seuzach,2 ½,85 m²,2015
Illnauerstrasse 20,8307,Effretikon,3 ½,70 m²,1550
Vogelsangstrasse 2,8307,Effretikon,2,49 m²,1480
Quellenstrasse 8,8307,Effretikon,2 ½,58 m²,1367
Wallrütistrasse 113,8404,Winterthur,4,,1755
,8462,Pfungen,3 ½,,1500
Breitestrasse 3,8545,Sulz-Rickenbach,3 ½,80 m²,1870
Reutlingerstr. 15,8404,Winterthur,1 ½,30 m²,960
,8413,Neftenbach,4 ½,20 m²,1000
Sulzer-Allee 81,8404,Winterthur,2 ½,68 m²,1860
Else-Züblin-Str. 70,8404,Winterthur,2 ½,67 m²,1810
Rebenstrasse 2,8307,Effretikon,1 ½,,990
Schönaustrasse 4,8400,Winterthur,2 ½,52 m²,1200
,8406,Winterthur,4 ½,,1950
St. Gallerstrasse 44,8400,Winterthur,3 ½,85 m²,2430
Else-Züblin-Strasse 85a,8404,Winterthur,1,90 m²,2090
Dorfstrasse 49,8546,Kefikon,2 ½,60 m²,1790
Lindbergstrasse 20,8404,Winterthur,4,71 m²,1700
Dorfstrasse 38,8310,Grafstal,2 ½,57 m²,1700
Unterwiesenstr. 10,8408,Winterthur,4 ½,88 m²,1863
Bolsternbuckstrasse 15,8483,KOLLBRUNN,3 ½,60 m²,1400
Feldstr. 49,8400,Winterthur,1 ½,40 m²,1135
Lindbergstrasse 20,8404,Winterthur,3 ½,59 m²,1500
Seuzacherstr. 11b,8400,Winterthur,3 ½,88 m²,2370
Seuzacherstr. 7a,8400,Winterthur,3 ½,98 m²,2520
Gutstrasse 13,8400,Winterthur,1,39 m²,1245
,8444,Henggart,4 ½,,1990
Vogelsangstrasse 2,8307,Effretikon,2,49 m²,1530
Schulgasse 3,8000,Winterthur,1,13 m²,910
Zürcherstrasse 157,8406,Winterthur,2,46 m²,1400
Stadlerstrasse 158,8404,Winterthur,3 ½,79 m²,1729
Stiegweg 14B,8303,Bassersdorf,4 ½,120 m²,2400
Langgasse 29,8400,Winterthur,4,72 m²,1840
Römertorstrasse 2,8404,Winterthur,3 ½,84 m²,2150
Lokstadt,8400,Winterthur,2 ½,,
Lokstadt,8400,Winterthur,4 ½,,
Lokstadt,8400,Winterthur,3 ½,,
Rikonerstrasse 9,8307,Effretikon,3 ½,74 m²,1515
St. Gallerstrasse 46,8400,Winterthur,3 ½,85 m²,2390
Zürcherstrasse 145,8406,Winterthur,1 ½,37 m²,1250
Maienstrasse 2,8406,Winterthur,3 ½,73 m²,1650
Schmittenackerstr. 9,8309,Nürensdorf,3 ½,79 m²,1715
Grosswiesenstr. 55,8422,Pfungen,3 ½,90 m²,1640
Else-Züblin-Str. 66,8404,Winterthur,1,73 m²,1710
Wülflingerstrasse 349,8408,Winterthur,3 ½,82 m²,1704
Im Wattbuck 1,8307,Effretikon,2 ½,71 m²,1435
Sulzerallee 80 - 88,8409,Winterthur,3 ½,92 m²,2220
Sulzer-Allee 71,8404,Winterthur,2 ½,85 m²,
Brunnenwiesenstrasse 8,8305,Dietlikon,4 ½,82 m²,2255
Feldstrasse 16,8400,Winterthur,1 ½,159 m²,3430
Else-Züblin-Str. 72,8404,Winterthur,3 ½,105 m²,2200
Zücherstrasse 143,8406,Winterthur,1 ½,36 m²,1990
Tössfeldstrasse 67 b,8406,Winterthur,2 ½,45 m²,2250
St. Gallerstrasse 60,8352,Elsau,1 ½,22 m²,1550
Bäckerstrasse 12,8400,Winterthur,1 ½,35 m²,1950
Kanzleistrasse 57,8405,Winterthur,1 ½,46 m²,2100
Neustadtgasse 29,8400,Winterthur,1,16 m²,1100
Stadelhoferstrasse 28,8001,Zürich,6,193 m²,15900
Wehrenbachhalde 42,8053,Zürich,5 ½,205 m²,7225
Neunbrunnenstrasse 38,8050,Zürich,3 ½,126 m²,6385
Bellariastrasse 36,8002,Zurich,3,86 m²,6325
Kreuzstrasse 64,8008,Zürich,3 ½,125 m²,6290
Staffelstrasse 13,8045,Zürich,3 ½,110 m²,6090
,8702,Zollikon,4 ½,115 m²,5800
Uhlandstrasse 6,8037,Zürich,3 ½,,5780
Seestrasse,8802,Kilchberg,5 ½,140 m²,5700
Schwabachstrasse 46,8706,Feldmeilen,4 ½,180 m²,5550
Uhlandstrasse 6,8037,Zürich,3 ½,69 m²,5330
Kurhausstrasse 2,8703,Erlenbach,4 ½,159 m²,5299
Pflanzschulstrasse 95,8004,Zürich,3 ½,86 m²,5190
Cramerstrasse 2-6,8004,Zurich,3,69 m²,5174
Wolframplatz 1,8045,Zurich,2,70 m²,5164
Bellariastrasse 36,8002,Zurich,2,63 m²,5164
Uhlandstrasse 6,8037,Zürich,2 ½,76 m²,5080
Ottikerstrasse 11,8006,Zürich,4,125 m²,4990
Buchzelgstrasse 52,8053,Zürich,4 ½,115 m²,4986
Scheideggstrasse 79,8002,Zurich,2,60 m²,4977
Gerechtigkeitsgasse 8,8001,Zurich,3,53 m²,4967
Rieterstrasse 35,8002,Zürich,4 ½,105 m²,4960
,8053,Zürich,6,150 m²,4900
Neumünsterstrasse 32,8008,Zürich,2 ½,72 m²,4840
Scheuchzerstrasse 72,8006,Zürich,3 ½,115 m²,4800
Oberdorfstrasse 4,8910,Affoltern,6 ½,194 m²,4760
Cramerstrasse 8-12,8004,Zurich,3,54 m²,4749
Rieterstrasse 35,8002,Zürich,4 ½,90 m²,4740
Wolframplatz 1,8045,Zurich,3,57 m²,4718
Etzelstrasse 6,8038,Zürich,3 ½,75 m²,4710
Spindelstrasse 12,8041,Zürich,3 ½,95 m²,4680
,8004,Zürich,3 ½,90 m²,4550
Niederdorfstrasse,8001,zurich,2 ½,110 m²,4500
Altstetten,8048,Zurich,4 ½,135 m²,4490
Schmidgasse 4,8001,Zürich,3 ½,60 m²,4490
Niederdorfstrasse 41,8001,Zürich,1 ½,30 m²,4490
Niederdorfstrasse 61,8001,Zürich,2 ½,104 m²,4480
,8700,Küsnacht,3 ½,120 m²,4470
Döltschiweg 23,8055,Zürich,4 ½,123 m²,4470
Badenerstrasse 595,8048,Zürich,4,105 m²,4390
Dörflistrasse 112,8050,Zürich,3 ½,69 m²,4380
Heuelsteig 3&7,8032,Zürich,4 ½,122 m²,4370
Gerechtigkeitsgasse 8,8001,Zurich,2,47 m²,4345
Zurlindenstrasse 50,8003,Zürich,2 ½,57 m²,4310
Neptunstrasse 57,8032,Zürich,2 ½,59 m²,4280
Binzmühlestr. 48,8050,Zurich,3,80 m²,4251
Schlossbergstrasse 42,8702,Zollikon,2 ½,74 m²,4150
Klosbachstrasse 44,8032,Zürich,2 ½,54 m²,4150
Neptunstrasse 57,8032,Zürich,2 ½,59 m²,4150
Hardstrasse 236/238,8005,Zurich,3,80 m²,4127
Freyastrasse 8,8004,Zurich,1,70 m²,4127
Cramerstrasse 2-6,8004,Zurich,3,47 m²,4127
,8803,Rüschlikon,4 ½,120 m²,4000
Kirchenfeld 55,8052,Zürich,5 ½,,3980
Oberdorfstrasse 24,8117,Fällanden,3 ½,120 m²,3950
,8126,Zumikon,3 ½,83 m²,3900
Leimbachstrasse 96,8041,Zürich,5,118 m²,3870
Käferholzstrasse 54,8057,Zürich,4 ½,111 m²,3835
Dörflistrasse 112,8050,Zürich,3 ½,69 m²,3780
Dörflistrasse 112,8050,Zürich,3 ½,69 m²,3780
Käferholzstrasse 42,8057,Zürich,4 ½,114 m²,3765
Winzerhalde 101,8049,Zürich,4 ½,131 m²,3760
Hardturmstrasse 90,8005,Zurich,4 ½,116 m²,3750
Albulastrasse 42,8048,Zürich,3 ½,91 m²,3750
Feldmoosstrasse 4,8800,Thalwil,3 ½,94 m²,3700
Dörflistrasse 112,8050,Zürich,3 ½,69 m²,3700
Dörflistrasse 112,8050,Zürich,3 ½,69 m²,3700
Riedweg 24,8600,Duebendorf,4 ½,120 m²,3684
Binzmühlestr. 46,8050,Zurich,2,55 m²,3619
Hofwiesenstrasse 175,8057,Zurich,3 ½,102 m²,3600
,8008,Zürich,3 ½,80 m²,3600
Pfingstweidstrasse 106a,8005,Zürich,2 ½,104 m²,3550
Fliederweg 3d,8302,Kloten,4,130 m²,3510
Säntisstrasse,8008,Zürich,2 ½,65 m²,3500
Sihl-Terrassen,8041,Zürich,2 ½,70 m²,"Manegg,"
Badenerstrasse 434,8004,Zürich,1,80 m²,3500
Baslerstrasse 60,8048,Zürich,1,29 m²,3500
Rebwiesstr. 58,8702,Zollikon,2 ½,102 m²,3490
Stauffacherstrasse 129,8004,Zürich,3,54 m²,3490
Im Glockenacker 13,8053,Zürich,4 ½,120 m²,3485
Winzerhalde 103,8049,Zürich,3 ½,107 m²,3485
Regensbergstrasse 30,8050,Zürich-Oerlikon,3 ½,86 m²,3470
Eggbühlstrasse 1,8050,Zürich,4 ½,98 m²,3458
Leimbachstrasse 96,8041,Zürich,4,107 m²,3450
Eggbühlstrasse 18,8050,Zürich,4 ½,110 m²,3435
Pumpwerkstrasse 40,8105,Regensdorf,6 ½,280 m²,3400
Langgrütstrasse 185,8047,Zürich,4 ½,147 m²,3400
Farenweg,8038,Zürich,3 ½,89 m²,3380
,8600,Dübendorf,2 ½,88 m²,3370
,8152,Opfikon,4 ½,140 m²,3360
Schulstrasse 181,8105,Regensdorf,5 ½,203 m²,3350
Hohlstr. 511,8048,Zürich,3 ½,119 m²,3349
Opfikonerstrasse 1,8304,Wallisellen,6 ½,210 m²,3310
Binzmühlestr. 48,8050,Zurich,4,60 m²,3308
,8048,zürich,3 ½,86 m²,3300
Stockenstrasse 6,8802,Kilchberg,2 ½,100 m²,3300
Fliederweg 3a,8302,Kloten,4,121 m²,3290
Beckhammer 19,8057,Zürich,4 ½,85 m²,3274
Albulastrasse 42,8048,Zürich,3 ½,100 m²,3249
Widmerstrasse 68,8038,Zürich,3 ½,76 m²,3240
Mühlebergstrasse 16,8910,Affoltern,5,138 m²,3240
Bucheggstrasse 157,8057,Zürich,2 ½,52 m²,3240
Rechweg 14,8600,Dübendorf,2 ½,88 m²,3210
Fritz Fleiner-Weg 9,8044,Zürich,2 ½,72 m²,3210
,8600,Dübendorf,4 ½,98 m²,3210
,8008,zurich,3 ½,83 m²,3200
Triemlistrasse 21,8047,Zürich,4 ½,102 m²,3200
Alte Landstrasse 33,8700,Küsnacht,1 ½,82 m²,3190
Elsastrasse 15,8004,Zurich,2 ½,,3170
Seefeldstrasse 75,8008,Zürich,2 ½,63 m²,3170
,8037,Zürich,3,85 m²,3128
Langgrütstrasse 147,8047,Zürich,2 ½,75 m²,3100
Birmensdorferstrasse 543,8055,Zürich,3 ½,80 m²,3090
Hardstrasse 236/238,8005,Zurich,3,80 m²,3090
Tuchmacherstrasse 72,8041,Zürich,3 ½,100 m²,3080
Seestrasse 47,8810,Horgen,4 ½,111 m²,3063
,8803,Rüschlikon,4 ½,140 m²,3000
Seewadelstrasse 21,8910,Affoltern,4 ½,105 m²,2990
Libellenweg,8048,Zürich,3 ½,75 m²,2990
Rechweg 14,8600,Dübendorf,4 ½,95 m²,2990
Dangelweg 1,8038,Zürich,4 ½,,2985
Am Brunnenbächli 20,8125,Zollikerberg,3 ½,95 m²,2985
Breitensteinstrasse 69,8037,Zürich,2 ½,70 m²,2980
Seefeldstrasse 255,8008,Zürich,1 ½,24 m²,2950
Nordstrasse 290,8037,Zürich,4 ½,70 m²,2950
Anemonenstr. 45,8047,Zürich,3 ½,94 m²,2900
Wiesliacher 97,8053,Zürich,4 ½,130 m²,2875
Im Glockenacker 56,8053,Zürich,4,102 m²,2870
Stockenstrasse 6,8802,Kilchberg,2,65 m²,2850
Seestrasse 79,8700,Küsnacht,3,65 m²,2850
Farman-Strasse 10,8152,Glattpark,3 ½,105 m²,2845
Leuengasse 71 - 83,8142,Uitikon-Waldegg,3 ½,98 m²,8142
Loorenstr. 43,8053,Zürich,4 ½,112 m²,2820
Rautihalde  10,8048,Zürich,3 ½,83 m²,2810
Obstgartenstr. 32,8136,Gattikon,3 ½,88 m²,2790
,8703,Erlenbach,3 ½,,2790
Farman-Strasse 12,8152,Glattpark,2 ½,67 m²,2790
Hängertenstr. 21,8104,Weiningen,5 ½,135 m²,2790
Rautihalde  10,8048,Zürich,3 ½,83 m²,2790
,8037,Zürich,2 ½,62 m²,2770
Hädrichstr. 8,8047,Zürich,3 ½,103 m²,2770
Böndlerstrasse  1a,8802,Rüschlikon,2 ½,100 m²,2750
Stockenstrasse 6,8802,Kilchberg,2,40 m²,2750
Im Ahorn 9,8125,Zollikerberg,4 ½,109 m²,2718
Limmattalstr. 15,8049,Zürich,4 ½,85 m²,2700
,8049,Zürich,4 ½,109 m²,2700
Zürcherstrasse 131,8102,Oberengstringen,4 ½,108 m²,2695
Püntenstrasse 12,8143,Stallikon,4 ½,129 m²,2690
Obstgartenstr. 24,8136,Gattikon,4 ½,113 m²,2680
,8052,Zürich,3 ½,85 m²,2680
Oberdorfstrasse 2,8910,Affoltern,3 ½,91 m²,2670
Wehntalerstrasse 374,8046,Zürich,4 ½,90 m²,2650
Gloriastr. 88,8044,Zürich,3,85 m²,2650
Sädlenweg 10,8055,Zürich,2 ½,60 m²,2645
Zwickystrasse 18,8304,Wallisellen,2 ½,122 m²,2635
Zürichstrasse 62,8134,Adliswil,2 ½,94 m²,2610
Spirackerstrasse 22,8044,Gockhausen,4 ½,132 m²,2605
,8055,Zurich,3,,2600
,8049,Zürich,2 ½,90 m²,2600
Starengasse 5,8052,Zürich,3 ½,75 m²,2590
Giessenstrasse 3,8600,Dübendorf,3 ½,94 m²,2590
Mühlegasse  5,8902,Urdorf,5 ½,110 m²,2580
Bachstrasse 13,8902,Urdorf,3 ½,81 m²,2580
Höflistrasse,8135,Langnau,4 ½,110 m²,2575
Frohburgstrasse,8006,Zürich,2 ½,60 m²,2570
Farman-Strasse 8,8152,Glattpark,3 ½,93 m²,2565
Bachstrasse 13,8902,Urdorf,3 ½,76 m²,2565
Giessenstrasse 1,8600,Dübendorf,3 ½,102 m²,2550
Renggerstrasse 25,8038,Zürich,3 ½,,2550
Bahnhofstrasse 6,8700,Küsnacht,3,70 m²,2550
Ausserdorfstrasse 48,8052,Zürich,3 ½,86 m²,2540
Ahornweg 10,8134,Adliswil,3 ½,102 m²,2510
,8906,Bonstetten,3 ½,94 m²,2500
Bachtobelstrasse 103,8045,Zürich,2 ½,90 m²,2500
Thurgauerstrasse 116,8152,Opfikon,1,33 m²,2500
Thurgauerstrasse 116,8152,Opfikon,1,33 m²,2500
Im Sträler 26,8047,Zürich,3,75 m²,2490
Leuengasse 81,8142,Uitikon-Waldegg,2 ½,86 m²,2490
Leuengasse 73,8142,Uitikon-Waldegg,2 ½,86 m²,2490
Seidenstr. 12,8600,Dübendorf,4 ½,107 m²,2480
Boglerenstr. 22,8700,Küsnacht,2 ½,56 m²,2480
Russenweg 8,8008,Zürich,2 ½,60 m²,2480
Querstrasse 10,8600,Dübendorf,2 ½,104 m²,2480
Goldschlägiplatz 4,8952,Schlieren,4 ½,115 m²,2459
Georg Kempf-Strasse 20,8046,Zürich,4 ½,85 m²,2450
Im Seewadel,8105,Regensdorf,2,62 m²,2420
Rosengartenstrasse,8107,Buchs,2 ½,62 m²,2400
Panoramastrasse 3,8903,Birmensdorf,3 ½,71 m²,2400
Bahnhofstrasse  2,8700,Küsnacht,4,,2400
Stiegweg 14B,8303,Bassersdorf,4 ½,120 m²,2400
Bachstrasse 3,8106,Adlikon,3 ½,100 m²,2393
Oberdorfstrasse 2,8910,Affoltern,2 ½,92 m²,2390
Alte Forchstrasse 19,8126,Zumikon,3 ½,87 m²,2390
Langacherstrasse 16,8103,Unterengstringen,3 ½,103 m²,2385
Obstgartenstrasse,8105,Regensdorf,2,50 m²,2380
Allmendboden 25,8700,Küsnacht,3 ½,77 m²,2380
Riedhofstrasse 49,8049,Zürich,3 ½,77 m²,2360
Wüeristrasse 31B,8107,Buchs,4 ½,118 m²,2360
Am Brunnenbächli 26,8125,Zollikerberg,4 ½,97 m²,2357
Wettswilerstrasse,8903,Birmensdorf,3 ½,78 m²,2350
Wachtstrasse 23,8134,Adliswil,4,95 m²,2350
Birmensdorferstrasse 543,8055,Zürich,2 ½,40 m²,2350
Stehli-Seiden-Areal 10,8912,Obfelden,4 ½,102 m²,2340
Eichwatt 11,8105,Regensdorf,4 ½,110 m²,2330
Etzelstrasse 28,8038,Zurich,2 ½,61 m²,2327
,8046,Zürich,2 ½,79 m²,2308
Wannerstr. 35,8045,Zürich,3 ½,75 m²,2305
Bodenacherstrasse 18,8121,Benglen,4 ½,102 m²,2299
Bodenacherstrasse 16/18,8121,Benglen,4 ½,102 m²,2299
Engenbüelstr. 6,8304,Wallisellen,4 ½,122 m²,2285
,8045,Zürich,2 ½,49 m²,2280
Brunnenwiesenstrasse 8,8305,Dietlikon,4 ½,82 m²,2255
Hofwiesenstrasse 19,8136,Gattikon,3 ½,,2250
Friedheimstrasse 21,8057,Zürich,2 ½,51 m²,2250
Eichwatt 13,8105,Regensdorf,4 ½,111 m²,2250
Zürcherstrasse 64,8952,Schlieren,2,35 m²,2250
Zürcherstrasse 64,8952,Schlieren,2,36 m²,2250
Im Sihlhof 2,8134,Adliswil,1 ½,33 m²,2250
Ackerstrasse 3,8302,Kloten,3 ½,86 m²,2249
Berninastrasse 2,8057,Zürich,3 ½,,2240
Neugutstrasse 16,8152,Glattbrugg,3 ½,95 m²,2230
Moosstrasse 29,8134,Adliswil,2 ½,75 m²,2230
Hochrütistrasse 3,8304,Walllisellen,3 ½,,2230
Glattalstrasse 232,8153,Rümlang,4 ½,130 m²,2230
Haldenstrasse 15,8302,Kloten,4 ½,120 m²,2220
,8302,Kloten,3 ½,90 m²,2210
Rietgrabenstrasse 80,8152,Opfikon,3 ½,80 m²,2200
Alter Zürichweg 14,8952,Schlieren,4 ½,100 m²,2190
Im Baurenacker 17,8902,Urdorf,4,80 m²,2190
Gartenstrasse 9,8102,Oberengstringen,3,70 m²,2170
Bühlwiesenstrasse,8309,Nürensdorf,4 ½,110 m²,2157
Vieristrasse 9,8603,Schwerzenbach,3 ½,92 m²,2153
Bahnhofstrasse 17,8107,Buchs,5,105 m²,2150
Dorfstrasse 93,8706,Meilen,2 ½,75 m²,2150
Dorfstrasse 93,8706,Meilen,2 ½,75 m²,2150
Stationsstrasse 25,8952,Schlieren,4 ½,125 m²,2140
Härdlenstrasse 88-98,8302,Kloten,3 ½,,2140
,8134,Adliswil,3 ½,78 m²,2130
Alte Winterthurerstrasse 48,8309,Nürensdorf,3 ½,98 m²,2125
Eichelackerstr. 23,8106,Adlikon,4 ½,102 m²,2123
Im Langacker 8,8304,Wallisellen,3 ½,,2115
Vortauenstrasse 13,8108,Dällikon,5 ½,103 m²,2110
Im Heumoos 23,8906,Bonstetten,3 ½,91 m²,2105
Stettbacherrain 12,8051,Zürich,5 ½,,2090
Härdlenstrasse 88-98,8302,Kloten,2 ½,,2090
Aeschstrasse,8127,Forch,3 ½,,2070
Winterthurerstr. 344,8057,Zürich,3 ½,80 m²,2066
Bodenacherstrasse 30,8121,Benglen,4 ½,103 m²,2050
Dübendorfstrasse 14,8117,Fällanden,2 ½,43 m²,2050
Stallikonerstr. 105,8903,Landikon,4 ½,94 m²,2050
Bergellerstrasse 32,8049,Zürich,2 ½,61 m²,2050
Leuengasse 71 - 83,8142,Uitikon-Waldegg,2 ½,60 m²,8142
Glatttalstrasse 114,8052,Zürich,3 ½,92 m²,2044
Graswinkelstrasse 37,8302,Kloten,3 ½,85 m²,2030
Im Langacker 17,8304,Wallisellen,3 ½,77 m²,2030
Vortauenstrasse 21,8108,Dällikon,4 ½,89 m²,2024
Im Chlösterli 6,8902,Urdorf,4 ½,90 m²,2020
Huebwiesenstrasse 24,8954,Geroldswil,4 ½,88 m²,2010
Bergstrasse 10,8954,Geroldswil,4 ½,90 m²,2005
Buchzelgstr. 25,8053,Zürich,3,71 m²,2000
Albisstr. 29,8038,Zürich,2 ½,,2000
,8037,Zürich,3 ½,80 m²,2000
Bundentalstrasse 4,8952,Schlieren,3,84 m²,2000
Rietholzstrasse 28,8125,Zollikerberg,2 ½,60 m²,1997
Riedenhaldenstrasse 268,8046,Zürich,3 ½,74 m²,1990
Limmataustrasse 10,8952,Schlieren,3 ½,78 m²,1990
Wehntalerstrasse 457,8046,Zürich,3 ½,82 m²,1990
Neue Winterthurerstrasse 77,8304,Wallisellen,3,,1990
,8134,Adliswil,2 ½,54 m²,1990
Dammweg 7,8134,Adliswil,1 ½,54 m²,1990
Urdorferstrasse,8952,Schlieren,3,,1980
Säntisstrasse 7,8304,Wallisellen,2 ½,60 m²,1970
Uetlirain 4a,8143,Stallikon,3 ½,100 m²,1970
Glanzenbergstrasse 16,8953,Dietikon,4,80 m²,1960
Weinbergstrasse 65,8802,Kilchberg,1 ½,56 m²,1950
Herrengütlistrasse,8304,Wallisellen,2 ½,73 m²,1950
Dübendorferstr 14,8117,Fällanden,2 ½,43 m²,1950
Schulstrasse 23,8153,Rümlang,3 ½,,1950
Zürcherstrasse,8952,Schlieren,2 ½,53 m²,1940
Eichelackerstr. 23,8106,Adlikon,3 ½,84 m²,1931
Dorfstrasse 53,8954,Geroldswil,4,90 m²,1925
Winterthurerstrasse 495,8051,Zürich,2 ½,70 m²,1900
Sentmattstrasse 8,8912,Obfelden,2 ½,64 m²,1900
Chürzistrasse 21,8600,Dübendorf,3,,1891
Gattikonerstrasse 7,8800,Thalwil,2 ½,65 m²,1890
Dübendorfstrasse 14,8117,Fällanden,2 ½,40 m²,1890
Talstr. 12,8125,Zollikerberg,2 ½,58 m²,1890
Sentmattstrasse 4,8912,Obfelden,2 ½,62 m²,1890
Geeringstr. 35,8049,Zürich,3 ½,99 m²,1887
Alte Urdorferstrasse 14,8903,Birmensdorf,2 ½,53 m²,1880
Limmattalstr. 48,8954,Geroldswil,2 ½,64 m²,1880
Strangenstrasse 6,8304,Wallisellen,3,73 m²,1870
Im Tauen 4,8103,Unterengstringen,2 ½,59 m²,1870
Schmittenackerstr. 5,8309,Nürensdorf,4 ½,88 m²,1852
Feldstrasse 45,8902,Urdorf,3 ½,87 m²,1850
Oberdorfstrasse 53,8810,Horgen,2 ½,80 m²,1850
Hohrainlistrasse 1,8302,Kloten,3,,1850
Uetlibergstr. 240,8045,Zürich,2 ½,55 m²,1850
Weiningerstrasse 46,8103,Unterengstringen,3 ½,71 m²,1836
Morgentalstrasse,8038,Zürich,2 ½,,1834
Meisenweg 14,8600,Dübendorf,3 ½,75 m²,1830
Meierwiesenstr. 50,8107,Buchs,4 ½,87 m²,1830
Bachmannweg 41,8046,Zürich,2 ½,71 m²,1830
Isengrundstrasse 4,8134,Adliswil,3,71 m²,1830
Weihermattstrasse 71,8902,Urdorf,3 ½,90 m²,1820
Hungerbergstrasse 33,8046,Zürich,3,60 m²,1811
Schwarzackerstrasse 31,8304,Wallisellen,2,63 m²,1810
Niederweg,8907,Wettswil,1 ½,53 m²,1805
Hörnlistrasse,8108,Dällikon,1 ½,41 m²,1800
Fabrikstrasse 4,8152,Glattbrugg,2 ½,47 m²,1800
Schlierenstrasse 41,8902,Urdorf,3 ½,72 m²,1800
Stettbacherrain 16,8051,Zürich,4 ½,89 m²,1800
Glärnischstrasse 17,8134,Adliswil,3 ½,69 m²,1800
,8700,Küsnacht,3,,1800
Aprikosenstr. 30,8051,Zürich,2 ½,60 m²,1800
Buchholzstrasse,8053,Zurich,3,80 m²,1795
Bernhofstr. 63,8134,Adliswil,3 ½,68 m²,1790
Hofackerstrasse 16,8953,Dietikon,4,79 m²,1790
Seestrasse 14,8810,Horgen,3 ½,,1790
Zürcherstrasse 238,8953,Dietikon,2,65 m²,1790
Lindenstrasse 10,8152,Glattbrugg,3 ½,,1790
Luegislandstr. 169,8051,Zürich,3,66 m²,1790
,8051,Zürich,3 ½,85 m²,1790
Florastrasse 9,8134,Adliswil,3,74 m²,1790
Zielackerstrasse 16,8603,Schwerzenbach,3,65 m²,1790
Wettswilerstrassse 18,8903,Birmensdorf,3 ½,,1781
Altwiesenstr. 91,8051,Zürich,3,64 m²,1773
Birmensdorferstr. 40,8953,Dietikon,3 ½,76 m²,1770
Pflugstrasse 16,8952,Schlieren,3 ½,75 m²,1770
Alte Winterthurerstr.96,8304,Wallisellen,4 ½,,1760
Schönenstrasse 44,8803,Rüschlikon,1 ½,44 m²,1760
Villaweg 5,8912,Obfelden,2 ½,90 m²,1750
Alte Hedingerstrasse 31,8910,Affoltern,3 ½,,1750
Amselweg 15,8302,Kloten,3,66 m²,1750
Riethofstrasse 10c,8152,Glattbrugg,2,52 m²,1740
Alte Landstr. 41,8810,Horgen,3,64 m²,1730
Gartenstrasse 11,8102,Oberengstringen,2 ½,59 m²,1730
Hofwiesenstrasse 5,8305,Dietlikon,2 ½,54 m²,1730
Winterthurerstr. 344,8057,Zürich,2 ½,56 m²,1730
Max Müller-Str. 6,8953,Dietikon,3 ½,71 m²,1715
Schmittenackerstr. 9,8309,Nürensdorf,3 ½,79 m²,1715
Glattalstrasse 232,8153,Rümlang,3 ½,,1714
Sihlweidstrasse 10,8041,Zürich,2 ½,71 m²,1710
Bahnhofstrasse 44,8153,Rümlang,3,71 m²,1704
Alte Dorfstrasse 21,8704,Herrliberg,3,,1700
Blattenstr. 7,8603,Schwerzenbach,2 ½,77 m²,1700
Mühlegasse 1,8152,Opfikon,2 ½,60 m²,1695
Zelgliweg 3,8602,Wangen,2,70 m²,1680
Sentmattstrasse 12,8912,Obfelden,2 ½,63 m²,1680
Schöneggstrasse 147,8953,Dietikon,3 ½,65 m²,1680
Soodstrasse 24,8134,Adliswil,2,,1660
Ludretikonnerstrasse 21,8800,Thalwil,3 ½,50 m²,1651
Auenring 16,8303,Bassersdorf,3,66 m²,1650
Glärnischstr. 15,8134,Adliswil,3 ½,64 m²,1650
Lebernstrasse 9,8123,Ebmatingen,4,,1650
Bachtobelstr. 5,8106,Adlikon,4 ½,107 m²,1630
Museumstrasse 8,8904,Aesch,2 ½,61 m²,1605
,8942,Oberrieden,2 ½,65 m²,1600
Höglerstr. 13,8600,Dübendorf,3,67 m²,1592
Weidstr. 1,8135,Langnau,3 ½,76 m²,1590
Am Balsberg 22,8302,Kloten,3 ½,71 m²,1585
Eichwatt 9,8105,Regensdorf,2 ½,54 m²,1550
Klotenerstrasse 28,8303,Bassersdorf,1,30 m²,1550
Billeterstrasse 15,8044,Zürich,1,28 m²,1530
Chapfstrasse 14,8906,Bonstetten,2 ½,57 m²,1530
Zürcherstr. 32,8952,Schlieren,2,,1515
Püntenstrasse 37,8143,Stallikon,2 ½,69 m²,1500
Lägernstrasse 2,8803,Bassersdorf,2 ½,55 m²,1500
Rosenweg 7,8702,Zollikon,3,67 m²,1474
Tödistrasse 62,8810,Horgen,1,35 m²,1470
Eglistr. 5,8942,Oberrieden,3 ½,78 m²,1460
,8951,Fahrweid,1 ½,36 m²,1450
Chilestieg 15,8153,Rümlang,3,66 m²,1440
Wampflenstrasse,8706,Meilen,1 ½,56 m²,1440
,8306,Brüttisellen,3,60 m²,1430
Ifangstr. 58,8153,Rümlang,3,65 m²,1400
Thesenacher 10,8126,Zumikon,3 ½,75 m²,1400
Alte Gfennstrasse 27,8600,Dübendorf,1 ½,45 m²,1395
Gehrrebenstrasse 8,8908,Hedingen,1 ½,38 m²,1390
Kalktarrenstrasse 8,8952,Schlieren,2 ½,59 m²,1375
Wehntalerstrasse 521,8046,Zürich,2,,1361
Bungert 1,8909,Zwillikon,3,60 m²,1360
Bergstrasse,8107,Buchs,1,25 m²,1350
Seestrasse 671,8706,Meilen,1 ½,30 m²,1350
Schmidbreitenstrasse 13,8153,Rümlang,1 ½,35 m²,1340
Universitätsstrasse 110,8006,Zürich,1,19 m²,1300
Universitätsstrasse 110,8006,Zürich,1,19 m²,1295
Regensdorferstrasse 157,8049,zürich,1 ½,30 m²,1283
Universitätstr. 73,8006,Zürich,1,28 m²,1270
Dorfstrasse 73 a,8912,Obfelden,2,,1205
Zürichstrasse 108,8123,Ebmatingen,1 ½,,1194
,8305,Dietlikon,1 ½,32 m²,1120
Rütistr. 28,8134,Adliswil,1,32 m²,1100
Moosäckerstrasse 72,8105,Regensdorf,1,20 m²,1100
Wallisellerstrasse,8152,opfikon,1 ½,,970
Poststrasse 1,8912,Obfelden,2,48 m²,915
Brunaustrasse 184,8951,Fahrweid,1 ½,,882
Industriestr. 21,8108,Dällikon,2,51 m²,859
Witikonstrasse 12,8118,Pfaffhausen,1,18 m²,850
Neugasse 31,8810,Horgen,1,34 m²,
