Strasse,Postleitzahl,Ort,Anzahl Zimmer,Flaeche [m2],Preis [CHF],Preis/Fläche [CHF/m2]
Wallisellenstr.,8050,Zürich,3.5,,1925.0,
Birmensdorferstr. 358,8055,Zürich,1.5,,1325.0,
Schärenmoosstr. 76,8052,Zürich,2.5,77.0,2770.0,35.97
Dufaux Str. 10,8152,Zürich,3.5,96.0,2530.0,26.35
Turbinenstr. 60,8005,Zürich,2.5,68.0,2650.0,38.97
Zürichbergstr. 114,8044,Zürich,1,26.0,1310.0,50.38
Stauffacherstr. 97,8004,Zürich,3.5,79.0,2700.0,34.18
Vulkanplatz 7,8048,Zürich,2.5,59.0,2265.0,38.39
,8004,Zürich,2,65.0,2090.0,32.15
Im Struppen 8,8048,Zürich,3.5,83.0,2670.0,32.17
Bolleystr. 22,8006,Zürich,2,,1592.0,
,8051,Zürich,1.5,38.0,1145.0,30.13
Seefeldstr. 255,8008,Zürich,1,,1690.0,
Seefeldstr. 96,8008,Zürich,2,64.0,2330.0,36.41
Wehntalerstr. 402,8046,Zürich,3,64.0,2370.0,37.03
Geeringstr. 83,8049,Zürich,4.5,93.0,2235.0,24.03
,8048,Zürich,2,50.0,1011.0,20.22
Im Eisernen Zeit,8057,Zürich,2.5,60.0,1805.0,30.08
Bolleystr.,8006,Zürich,3.5,123.0,3824.0,31.09
Pfingstweidstr. 106A,8005,Zürich,3.5,118.0,4340.0,36.78
Kochstr. 1,8004,Zürich,4,,2600.0,
Albisriederstr. 106,8003,Zürich,2,,1620.0,
Albisriederstr. 166A,8003,Zürich,2.5,56.0,,
Freigutstr. 24,8002,Zürich,4.5,115.0,4350.0,37.83
Hätzlergasse 2,8048,Zürich,1.5,42.0,1466.0,34.9
Manessestr. 6,8003,Zürich,1,52.0,1790.0,34.42
Münstergasse 22,8001,Zürich,2.5,53.0,3100.0,58.49
Rieterstr. 35,8002,Zürich,4.5,105.0,4830.0,46.0
Grimselstr. 6,8048,Zürich,3,,1990.0,
,8003,Zürich,3,,2467.0,
Limmatstr. 93,8005,Zürich,3.5,70.0,1900.0,27.14
Jungholzstr. 20,8050,Zürich,3,63.0,2158.0,34.25
Friesstr. 14,8050,Zürich,3.5,61.0,2000.0,32.79
Plattenstr. 46,8032,Zürich,1,18.0,1080.0,60.0
Minervastr. 136,8032,Zürich,2.5,63.0,2530.0,40.16
Freiestr. 150,8032,Zürich,2,55.0,2350.0,42.73
Rautistr. 116,8048,Zürich,3.5,,2300.0,
Buchholz Str. 62,8053,Zürich,3.5,78.0,2100.0,26.92
Kirchenfeld 59,8052,Zürich,2.5,55.0,1890.0,34.36
Schwandenacker 43,8052,Zürich,4,69.0,1830.0,26.52
Hädrichstr. 8,8047,Zürich,3.5,103.0,2850.0,27.67
Hädrichstr. 13,8047,Zürich,3.5,89.0,2370.0,26.63
Blumenweg 17,8008,Zürich,3.5,106.0,3404.0,32.11
Schaffhauserstr. 469,8052,Zürich,1.5,45.0,1020.0,22.67
Schindlerstr. 26,8006,Zürich,3.5,120.0,3400.0,28.33
Margrit Rainer-Str. 17,8050,Zürich,1.5,50.0,1480.0,29.6
Flüelastr. 47,8047,Zürich,1.5,28.0,1325.0,47.32
Im Sträler 11,8047,Zürich,4,84.0,2416.0,28.76
Kraftstr. 15,8044,Zürich,3,82.0,2340.0,28.54
Hofwiesenstr. 22,8057,Zürich,3,59.0,2657.0,45.03
Langfurren 11,8057,Zürich,2.5,68.0,1320.0,19.41
Vulkanstr. 110B,8048,Zürich,2.5,60.0,2400.0,40.0
Schärenmoosstr. 35A,8052,Zürich,2.5,49.0,1770.0,36.12
Schwamendingenstr. 24,8050,Zürich,1.5,,1560.0,
Seilergraben 49,8001,Zürich,1,41.0,2150.0,52.44
Heidi-Abel-Weg 9,8050,Zürich,1,28.0,1250.0,44.64
Gladbachstr.,8044,Zürich,3,75.0,2940.0,39.2
,8032,Zürich,3.5,90.0,2695.0,29.94
Hohlstr. 27,8004,Zürich,3.5,73.0,3253.0,44.56
Schwamendingenstr. 10,8050,Zürich,3.5,83.0,2570.0,30.96
Pflanzschulstr. 15,8004,Zürich,2,58.0,1990.0,34.31
Karstlernstr. 12,8048,Zürich,1,34.0,1355.0,39.85
Karstlernstr. 12,8048,Zürich,1,30.0,1300.0,43.33
Im Mittelleimbach 7,8041,Zürich,2.5,72.0,1340.0,18.61
Kilchbergstr. 133,8038,Zürich,2.5,80.0,2350.0,29.38
Baslerstr. 71,8048,Zürich,3.5,74.0,2900.0,39.19
Im Struppen 7,8048,Zürich,2.5,56.0,1930.0,34.46
,8008,Zürich,1.5,54.0,2105.0,38.98
Renggerstr. 86,8038,Zürich,2,55.0,2080.0,37.82
Glatttalstr. 64,8052,Zürich,3,62.0,1750.0,28.23
Dienerstr. 15,8004,Zürich,3,71.0,2130.0,30.0
Grundstr. 20,8048,Zürich,2.5,62.0,1490.0,24.03
Friedheimstr. 1,8057,Zürich,1.5,39.0,1680.0,43.08
Langstr. 215,8005,Zürich,3.5,100.0,3350.0,33.5
Hätzlergasse 18,8048,Zürich,1,,1090.0,
Auhofstr. 9,8051,Zürich,3.5,90.0,1918.0,21.31
Badenerstr. 717,8048,Zürich,2.5,83.0,2195.0,26.45
Wallisellenstr. 389,8050,Zürich,3.5,75.0,2071.0,27.61
,8049,Zürich,1.5,29.0,1105.0,38.1
Allenmoosstr. 95,8057,Zürich,2.5,72.0,2100.0,29.17
Tulpenstr. 43,8051,Zürich,1.5,38.0,1595.0,41.97
Kyburgstr. 28,8037,Zürich,1,30.0,1011.0,33.7
Riedenhaldenstr. 252,8046,Zürich,3.5,65.0,1850.0,28.46
Wehntalerstr. 374,8046,Zürich,4,90.0,2311.0,25.68
Hagenholzstr. 82,8050,Zürich,4.5,116.0,2515.0,21.68
Hagenholzstr. 70,8050,Zürich,3.5,89.0,1975.0,22.19
Hagenholzstr. 78,8050,Zürich,4.5,119.0,2590.0,21.76
Gloriastr. 88,8044,Zürich,3,85.0,2750.0,32.35
Bluntschlisteig 1,8002,Zürich,4.5,105.0,4650.0,44.29
Margrit Rainer-Str. 17,8050,Zürich,3,88.0,2100.0,23.86
Thujastr. 14,8038,Zürich,2.5,60.0,2000.0,33.33
Ausserdorfstr. 48,8052,Zürich,2.5,69.0,2530.0,36.67
Ausserdorfstr. 48,8052,Zürich,2.5,65.0,2020.0,31.08
Im Struppen 8,8048,Zürich,4.5,108.0,3580.0,33.15
Speerstr. 50,8038,Zürich,1,20.0,1230.0,61.5
Herrligstr. 20,8048,Zürich,2,49.0,1560.0,31.84
Badenerstr. 276,8004,Zürich,1.5,,1450.0,
Etzelsteig 1,8038,Zürich,3.5,75.0,3000.0,40.0
Ackerstr. 44,8005,Zürich,2.5,60.0,1930.0,32.17
Käferholzstr. 58,8057,Zürich,4.5,114.0,3975.0,34.87
Langackerstr. 48,8057,Zürich,3,65.0,2350.0,36.15
Ueberlandstr. 75,8050,Zürich,1.5,31.0,1300.0,41.94
Forchstr. 28,8008,Zürich,3.5,81.0,3387.0,41.81
Birmensdorferstr. 529B,8055,Zürich,2.5,,1800.0,
Buckhauserstr. 27,8048,Zürich,2,72.0,1950.0,27.08
Bachmannweg 1/1A,8046,Zürich,3.5,96.0,2320.0,24.17
Carl-Spitteler-Str. 75,8053,Zürich,2,88.0,2350.0,26.7
Fritz Heeb-Weg 5,8050,Zürich,3.5,101.0,2470.0,24.46
Wannerstr. 24,8045,Zürich,2.5,105.0,2866.0,27.3
Wannerstr. 22,8045,Zürich,2.5,92.0,2498.0,27.15
Überlandstr. 285,8051,Zürich,1.5,50.0,1477.0,29.54
Bachmannweg 7,8046,Zürich,3.5,96.0,2360.0,24.58
Jenatschstr. 3,8002,Zürich,2.5,72.0,3230.0,44.86
Luegislandstr. 56,8051,Zürich,4,91.0,2004.0,22.02
Hädrichstr. 7,8047,Zürich,3.5,90.0,2360.0,26.22
Starengasse 5,8052,Zürich,3.5,75.0,2590.0,34.53
,8053,Zürich,2,,1660.0,
Grünaustr.,8064,Zürich,2,,1600.0,
Eggbühlstr. 1,8050,Zürich,4.5,98.0,3458.0,35.29
Ausserdorfstr. 48,8052,Zürich,2.5,76.0,2160.0,28.42
Schöneggstr. 15,8004,Zürich,3.5,62.0,2290.0,36.94
Riedenhaldenstr. 268,8046,Zürich,3.5,74.0,1990.0,26.89
Altstetten,8048,Zürich,4.5,135.0,4490.0,33.26
Wehntalerstr. 521,8046,Zürich,2,,1361.0,
Buchholzstr.,8053,Zürich,3,80.0,1795.0,22.44
Brinerstr. 3,8003,Zürich,3.5,120.0,2830.0,23.58
Im Glockenacker 13,8053,Zürich,4.5,120.0,3485.0,29.04
Beckhammer 19,8057,Zürich,4.5,85.0,3274.0,38.52
Langfurren 11,8057,Zürich,3,70.0,1780.0,25.43
Rieterstr. 35,8002,Zürich,4.5,90.0,4690.0,52.11
Rieterstr. 35,8002,Zürich,4.5,90.0,4740.0,52.67
Kirchenfeld 59,8052,Zürich,2.5,55.0,1890.0,34.36
Kirchenfeld 55,8052,Zürich,5.5,,3980.0,
Limmatstr. 212,8005,Zürich,3.5,75.0,2710.0,36.13
,8005,Zürich,2.5,55.0,1950.0,35.45
Langstr. 206,8005,Zürich,3,70.0,2390.0,34.14
,8057,Zürich,3,66.0,1870.0,28.33
Widmerstr. 68,8038,Zürich,3.5,76.0,3240.0,42.63
Read Description,8003,Zürich,3,,2000.0,
Baslerstr. 44,8048,Zürich,1.5,42.0,1250.0,29.76
Riedhofstr. 49,8049,Zürich,3.5,77.0,2360.0,30.65
Buchzelgstr. 52,8053,Zürich,4.5,115.0,4986.0,43.36
Laurenzgasse 7,8006,Zürich,1,33.0,1830.0,55.45
Niederdorfstr. 61,8001,Zürich,2.5,104.0,4480.0,43.08
Universitätsstr. 110,8006,Zürich,1,19.0,1300.0,68.42
Wartauweg 20,8049,Zürich,3,75.0,1800.0,24.0
Frohburgstr.,8006,Zürich,2.5,60.0,2570.0,42.83
Langwiesstr. 3,8050,Zürich,1.5,36.0,1820.0,50.56
Freiestr. 150,8032,Zürich,1.5,55.0,2350.0,42.73
Wallisellenstr. 333,8050,Zürich,2.5,80.0,2220.0,27.75
Bienenstr.,8004,Zürich,2.5,72.0,2530.0,35.14
Fritz Fleiner-Weg 9,8044,Zürich,2.5,72.0,3210.0,44.58
,8001,Zürich,2.5,60.0,2500.0,41.67
Stapferstr. 21,8006,Zürich,3.5,84.0,4000.0,47.62
Langgrütstr. 173,8047,Zürich,3,66.0,1955.0,29.62
Elsastr. 15,8004,Zürich,2.5,80.0,3170.0,39.62
Luegislandstr.,8051,Zürich,3,,1698.0,
Berninastr. 2,8057,Zürich,3.5,,2240.0,
Titlisstr.,8032,Zürich,2.5,47.0,1820.0,38.72
Heinrichstr. 95,8005,Zürich,4,80.0,1976.0,24.7
Aprikosenstr. 30,8051,Zürich,2.5,,1780.0,
,8032,Zürich,3,60.0,2240.0,37.33
Karstlernstr. 14,8048,Zürich,1,34.0,1370.0,40.29
Freyastasse,8004,Zürich,1,30.0,1090.0,36.33
Höschgasse 44,8008,Zürich,3.5,65.0,2780.0,42.77
Waffenplatzstr. 67,8002,Zürich,3,70.0,2500.0,35.71
Wettingerwies 7,8001,Zürich,1.5,29.0,1680.0,57.93
Hofstr. 24,8032,Zürich,3,80.0,3920.0,49.0
Albertstr. 9,8005,Zürich,3.5,75.0,2500.0,33.33
Herbstweg 74,8050,Zürich,3,67.0,1855.0,27.69
Seefeldstr.,8008,Zürich,2.5,60.0,2700.0,45.0
Eidmattstr. 17,8032,Zürich,2.5,52.0,2000.0,38.46
Trottenstr. 73,8037,Zürich,2.5,48.0,1730.0,36.04
Kelchweg 3,8048,Zürich,3.5,69.0,2290.0,33.19
Ausserdorfstr. 48,8052,Zürich,3.5,86.0,2540.0,29.53
Freihofstr. 1,8048,Zürich,1,23.0,1250.0,54.35
Pfingstweidstr. 106A,8005,Zürich,2.5,104.0,3550.0,34.13
Stettbacherrain 16,8051,Zürich,4.5,89.0,1800.0,20.22
Stettbacherrain 12,8051,Zürich,5.5,,2090.0,
Ottikerstr. 11,8006,Zürich,4,125.0,4990.0,39.92
Ottikerstr. 11,8006,Zürich,1.5,52.0,2610.0,50.19
Nordstr. 290,8037,Zürich,4.5,70.0,2950.0,42.14
Friesstr. 14,8050,Zürich,3.5,74.0,2100.0,28.38
Triemlistr. 85 Flat Swap,8047,Zürich,3,,1687.0,
Im Sträler 26,8047,Zürich,3,75.0,2490.0,33.2
Döltschiweg 23,8055,Zürich,4.5,123.0,4470.0,36.34
Auwiesenstr. 86,8050,Zürich,1.5,,1310.0,
,8047,Zürich,1.5,,1325.0,
Goldbrunnenstr. 139,8003,Zürich,1.5,,1490.0,
Ueberlandstr. 375,8051,Zürich,3.5,66.0,1750.0,26.52
Brauerstr. 27,8004,Zürich,1,33.0,1390.0,42.12
,8049,Zürich,4.5,85.0,3160.0,37.18
Basteiplatz,8001,Zürich,3.5,86.0,3384.0,39.35
Oerlikonerstr. 85,8057,Zürich,2.5,73.0,3070.0,42.05
Fellenbergstr. 319,8047,Zürich,3.5,72.0,2190.0,30.42
Schaffhauserstr. 475,8052,Zürich,3,71.0,1938.0,27.3
Dennlerstr. 24,8047,Zürich,4.5,94.0,2350.0,25.0
Stadelhoferstr. 28,8001,Zürich,6,193.0,15900.0,82.38
Hammerstr. 10,8008,Zürich,2,57.0,2390.0,41.93
Käferholzstr. 48,8057,Zürich,2.5,72.0,2640.0,36.67
Käferholzstr. 54,8057,Zürich,4.5,111.0,3835.0,34.55
Schaffhauserstr.,8057,Zürich,2.5,46.0,1990.0,43.26
Sihlberg,8002,Zürich,2.5,49.0,1395.0,28.47
Thujastr.,8038,Zürich,2.5,60.0,1800.0,30.0
Wuhrstr.,8003,Zürich,4,,2475.0,
Luegislandstr. 169,8051,Zürich,3,66.0,1790.0,27.12
Anemonenstr. 45,8047,Zürich,3.5,94.0,2900.0,30.85
Wibichstr. 33,8037,Zürich,2.5,73.0,2990.0,40.96
,8005,Zürich,3,58.0,2800.0,48.28
Dennlerstr. 22,8047,Zürich,3.5,87.0,2180.0,25.06
Triemlistr. 21,8047,Zürich,4.5,102.0,3200.0,31.37
Heuelsteig 3&7,8032,Zürich,3.5,80.0,3610.0,45.12
Heuelsteig 3&7,8032,Zürich,2.5,48.0,2250.0,46.88
Heuelsteig 3&7,8032,Zürich,4.5,122.0,4370.0,35.82
Limmattalstr. 15,8049,Zürich,4.5,85.0,2700.0,31.76
Obstgartenstr. 40,8006,Zürich,1,25.0,1591.0,63.64
Hofwiesenstr. 273,8050,Zürich,3.5,100.0,2282.0,22.82
Hungerbergstr. 33,8046,Zürich,3,60.0,1811.0,30.18
Altwiesenstr. 91,8051,Zürich,3,64.0,1780.0,27.81
Bombachstr. 4A-H,8049,Zürich,2.5,51.0,2120.0,41.57
Rotbuchstr. 1,8006,Zürich,1.5,,2290.0,
Zimmergasse 8,8008,Zürich,2.5,62.0,2860.0,46.13
Allenmoosquarier,8057,Zürich,2.5,75.0,2960.0,39.47
Baumackerstr. 47,8050,Zürich,1,15.0,1240.0,82.67
Winterthurerstr. 344,8057,Zürich,2.5,56.0,1730.0,30.89
,8051,Zürich,3.5,85.0,1790.0,21.06
Bernerstr. Nord 172,8064,Zürich,3,,2090.0,
Gasometerstr. 26,8005,Zürich,3,70.0,2761.0,39.44
,8004,Zürich,1.5,,1580.0,
Winterthurerstr. 344,8057,Zürich,3.5,80.0,2060.0,25.75
Balberstr. 68,8038,Zürich,4,67.0,2035.0,30.37
Etzelstr. 28,8038,Zürich,2.5,61.0,2327.0,38.15
Birmensdorferstr. 38,8004,Zürich,3.5,70.0,2150.0,30.71
Georg Kempf-Str. 20,8046,Zürich,4.5,85.0,2450.0,28.82
Glatttalstr. 58,8052,Zürich,4,82.0,1990.0,24.27
Wydäckerring,8047,Zürich,5.5,,,
Wydäckerring,8047,Zürich,4.5,,,
Kügeliloostr. 39,8046,Zürich,2,,1200.0,
Uetlibergstr. 77,8045,Zürich,2,39.0,2390.0,61.28
Rautihalde  10,8048,Zürich,3.5,83.0,2810.0,33.86
Froschaugasse 5,8001,Zürich,3,79.0,3430.0,43.42
Hammerstr. 163,4057,Basel,2,37.0,1540.0,41.62
Güterstr. 199,4053,Basel,2.5,48.0,1340.0,27.92
Steinengraben 71,4051,Basel,1,35.0,980.0,28.0
J.J. Balmer-Str. 7,4053,Basel,1.5,30.0,1030.0,34.33
Erlenmattstr. 81,4058,Basel,3.5,85.0,2200.0,25.88
Rütlistr. 2,4051,Basel,3.5,72.0,1895.0,26.32
Neuweilerstr. 27,4054,Basel,1.5,40.0,1030.0,25.75
Jurastr. 10,4053,Basel,4.5,120.0,2500.0,20.83
Martinskirchplatz 15,4051,Basel,5.5,240.0,4750.0,19.79
Birsigstr. 138,4054,Basel,4,85.0,2070.0,24.35
Reinacherstr. 136,4053,Basel,2,,1220.0,
Rennweg 51,4052,Basel,7,180.0,4800.0,26.67
Metzerstr. 10,4056,Basel,3,60.0,1280.0,21.33
St. Jakobs-Str. 53,4052,Basel,3.5,78.0,1490.0,19.1
Schwarzwaldallee 171,4058,Basel,4,99.0,2040.0,20.61
Clarahofweg 47,4058,Basel,1,39.0,1265.0,32.44
Claragraben 84,4058,Basel,1.5,40.0,1060.0,26.5
Wiesenstr. 14,4057,Basel,1.5,38.0,880.0,23.16
Holeestr. 159,4054,Basel,3,57.0,1450.0,25.44
Hochstr. 66,4053,Basel,2,40.0,1399.0,34.98
Gundeldingerrain 12 (Tec),4053,Basel,2,47.0,1058.0,22.51
,4058,Basel,3.5,,1600.0,
Drahtzugstr. 67,4057,Basel,3,65.0,1690.0,26.0
Hardstr. 85,4052,Basel,4.5,107.0,2190.0,20.47
St. Jakobs-Str. 112,4052,Basel,3.5,100.0,2110.0,21.1
Schorenweg 36,4058,Basel,2.5,59.0,1370.0,23.22
Adlerstr. 36,4052,Basel,2.5,73.0,1055.0,14.45
Adlerstr. 32,4052,Basel,4.5,105.0,1440.0,13.71
Kohlenberg 31,4051,Basel,4,86.0,2340.0,27.21
Lehenmattstr. 141,4052,Basel,3,95.0,2090.0,22.0
Adlerstr. 34,4052,Basel,3.5,85.0,1450.0,17.06
Hochstr. 66,4053,Basel,2.5,51.0,1600.0,31.37
Metzerstr.,4056,Basel,3,60.0,1180.0,19.67
Riehenring 173,4058,Basel,5,119.0,2670.0,22.44
Kanonengasse 18,4051,Basel,2.5,65.0,1660.0,25.54
Gellertstr. 175,4052,Basel,4.5,104.0,2040.0,19.62
Lehenmattstr. 284,4052,Basel,3.5,92.0,2070.0,22.5
Lehenmattstr. 284,4052,Basel,2.5,65.0,1640.0,25.23
Lehenmattstr. 284,4052,Basel,2.5,65.0,1760.0,27.08
Steinengraben 79,4051,Basel,6,144.0,2620.0,18.19
Metzerstr. 32,4056,Basel,3,89.0,2165.0,24.33
Gellertstr. 97,4052,Basel,3.5,134.0,3360.0,25.07
Bäumlihofstr. 92,4058,Basel,2,54.0,1495.0,27.69
Steinengraben 77,4051,Basel,2,63.0,1750.0,27.78
Laufenstr. 22,4053,Basel,3,62.0,1740.0,28.06
Oberwilerstr. 153,4054,Basel,2.5,,1180.0,
Feldbergstr. 23,4057,Basel,1.5,,1140.0,
Riehentorstr. 33,4058,Basel,2,62.0,1290.0,20.81
Spalenberg 10,4051,Basel,3.5,135.0,3500.0,25.93
Heuberg 14,4051,Basel,3,82.0,1950.0,23.78
Clarahofweg 47,4058,Basel,3.5,109.0,2890.0,26.51
Clarahofweg 47,4058,Basel,3.5,90.0,2490.0,27.67
Sarnerstr. 2,4055,Basel,2,,1265.0,
Klingelbergstr.,4056,Basel,2.5,80.0,1450.0,18.12
Güterstr. 177,4053,Basel,1,34.0,995.0,29.26
Hardstr. 111,4052,Basel,2,49.0,1090.0,22.24
Ziegelstr. 10,4055,Basel,,23.0,650.0,28.26
Spalenvorstadt 37,4051,Basel,2,50.0,1230.0,24.6
Fasanenstr. 140,4058,Basel,1,32.0,880.0,27.5
Missionsstr. 3,4055,Basel,5.5,165.0,4400.0,26.67
Sevogelstr. 140 -142,4052,Basel,1.5,37.0,1130.0,30.54
Voltastr. 123,4056,Basel,2.5,63.0,1900.0,30.16
Voltastr. 123,4056,Basel,2.5,63.0,1910.0,30.32
Hasenmattstr. 3,4059,Basel,3.5,140.0,2470.0,17.64
Feldbergstr. 19,4057,Basel,2,53.0,969.0,18.28
Leonhardsgraben 8,4051,Basel,1.5,40.0,1315.0,32.88
Utengasse 35,4058,Basel,3,73.0,1430.0,19.59
Mülhauserstr. 123,4056,Basel,5.5,129.0,2800.0,21.71
Oberwilerstr. 159,4054,Basel,3,91.0,1889.0,20.76
St. Johanns-Ring 141,4056,Basel,3,65.0,1380.0,21.23
Schweizergasse 13A,4054,Basel,2,47.0,1365.0,29.04
Sevogelstr. 142,4052,Basel,4,92.0,2240.0,24.35
Zürcherstr. 111,4052,Basel,3.5,75.0,1690.0,22.53
Riehenstr. 165,4058,Basel,2,52.0,1240.0,23.85
Pilgerstr.,4055,Basel,2.5,65.0,1340.0,20.62
Lehenmattstr. 201,4052,Basel,3,61.0,1460.0,23.93
Allmendstr.,4058,Basel,4.5,101.0,3940.0,39.01
Sevogelstr. 142,4052,Basel,1.5,37.0,1110.0,30.0
Hebelstr. 82,4056,Basel,2.5,52.0,1500.0,28.85
Lehenmattstr. 55,4052,Basel,2,47.0,1215.0,25.85
,4055,Basel,4,,2100.0,
Claragraben 138,4057,Basel,3,73.0,1720.0,23.56
St. Jakobsstr. 187,4052,Basel,3.5,71.0,1885.0,26.55
St. Jakobsstr. 193,4052,Basel,3.5,75.0,2035.0,27.13
Beinwilerstr. 14,4053,Basel,3,57.0,1270.0,22.28
Markircherstr. 52,4055,Basel,4,76.0,1780.0,23.42
Lehenmattstr. 201,4052,Basel,2,47.0,1240.0,26.38
Spalenring 95,4055,Basel,3.5,80.0,1660.0,20.75
Oberalpstr. 113,4054,Basel,4,85.0,1740.0,20.47
Delsbergerallee 7,4053,Basel,2.5,66.0,1375.0,20.83
Altrheinweg 44,4057,Basel,2.5,48.0,1450.0,30.21
St. Alban-Ring 152,4052,Basel,4,110.0,2230.0,20.27
Wettsteinallee 96,4058,Basel,2,,1230.0,
Gundeldingerstr. 105,4053,Basel,3,65.0,1590.0,24.46
,4058,Basel,3.5,115.0,2980.0,25.91
,4054,Basel,3,70.0,1550.0,22.14
,4054,Basel,1,35.0,790.0,22.57
,4056,Basel,1.5,35.0,1150.0,32.86
Beim Goldenen Löwen 9,4052,Basel,3,76.0,1790.0,23.55
Farnsburgerstr. 37,4052,Basel,3,60.0,1500.0,25.0
Maulbeerstr. 14,4058,Basel,3,75.0,1815.0,24.2
Horburgstr. 86,4057,Basel,2,45.0,1290.0,28.67
Amerbachstr. 43,4057,Basel,1.5,33.0,920.0,27.88
Klingentalgraben 7,4057,Basel,4.5,122.0,1800.0,14.75
Klingentalgraben 7,4057,Basel,4,97.0,1700.0,17.53
Horburgstr. 86,4057,Basel,2,45.0,1190.0,26.44
,4053,Basel,2.5,63.0,1235.0,19.6
,4057,Basel,2,55.0,1420.0,25.82
Missionsstr. 61,4055,Basel,3,71.0,1480.0,20.85
Missionsstr. 61,4055,Basel,3,71.0,1600.0,22.54
Sevogelstr. 19,4052,Basel,3,79.0,1700.0,21.52
Dornacherstr. 109,4053,Basel,1,36.0,1030.0,28.61
Holbeinstr. 56,4051,Basel,2.5,89.0,2770.0,31.12
Claragraben 82,4058,Basel,3,77.0,1470.0,19.09
Wiesenstr. 14,4057,Basel,1.5,42.0,1050.0,25.0
Markircherstr. 22,4055,Basel,2,51.0,1220.0,23.92
Schopfheimerstr. 4,4058,Basel,2,61.0,1220.0,20.0
Baldeggerstr. 58,4052,Basel,3,89.0,2230.0,25.06
Pfeffingerstr. 55,4053,Basel,2,62.0,1475.0,23.79
Tangentenweg 56,4058,Basel,3.5,70.0,1960.0,28.0
Kleinhüningerstr. 136,4057,Basel,3.5,,1280.0,
,4051,Basel,5,120.0,3530.0,29.42
Ryffstr. 50,4056,Basel,1,30.0,970.0,32.33
Sperrstr. 43,4057,Basel,3,64.0,1325.0,20.7
Elsässerstr. 107,4056,Basel,2,45.0,1370.0,30.44
Auberg 10,4051,Basel,4,102.0,2235.0,21.91
Liestaleranlage 30,4052,Basel,2.5,75.0,1570.0,20.93
Oberwilerstr. 159,4054,Basel,3,91.0,1910.0,20.99
St. Jakobsstr. 193,4052,Basel,3.5,72.0,2209.0,30.68
Redingstr.,4052,Basel,3.5,98.0,2325.0,23.72
Gasstr. 71,4056,Basel,2,64.0,1305.0,20.39
Schützengraben 7,4051,Basel,2.5,58.0,1590.0,27.41
Schorenweg 40,4058,Basel,3.5,80.0,1785.0,22.31
Erlenstr. 34,4058,Basel,3,56.0,1390.0,24.82
St. Jakobsstr. 193,4052,Basel,3.5,72.0,1940.0,26.94
Hammerstr. 183,4057,Basel,3.5,72.0,1740.0,24.17
Rheinfelderstr. 3,4058,Basel,3.5,90.0,1900.0,21.11
In Den Klostermatten 17,4052,Basel,3,70.0,1510.0,21.57
Rosentalstr. 32,4058,Basel,2,54.0,1180.0,21.85
Mülhauserstr. 30,4056,Basel,3,,1531.0,
Ryffstr. 12,4056,Basel,3,67.0,1625.0,24.25
Eulerstr. 64,4051,Basel,2.5,65.0,1770.0,27.23
Eisenbahnweg 10,4058,Basel,3,70.0,1640.0,23.43
Sennheimerstr. 54,4054,Basel,4.5,89.0,1950.0,21.91
Sennheimerstr. 52,4054,Basel,4.5,80.0,1930.0,24.12
St. Alban-Rheinweg 84,4052,Basel,2.5,68.0,1780.0,26.18
Innere Margarethenstr. 9,4051,Basel,1,37.0,955.0,25.81
Breisacherstr. 68,4057,Basel,2,,1490.0,
Gellertstr. 26,4052,Basel,3,85.0,2110.0,24.82
Markircherstr. 41,4055,Basel,3,68.0,1600.0,23.53
Laufenstr. 41,4053,Basel,1.5,49.0,1320.0,26.94
Bruderholzstr. 74,4053,Basel,3,79.0,1880.0,23.8
Ryffstr. 26,4056,Basel,1,31.0,770.0,24.84
Clarastr. 1,4058,Basel,3,63.0,1480.0,23.49
Laufenstr. 41,4053,Basel,1.5,49.0,1340.0,27.35
Tangentenweg 50,4058,Basel,2.5,49.0,1650.0,33.67
Blauensteinerstr. 33,4053,Basel,4.5,108.0,2320.0,21.48
Klybeckstr. 190,4057,Basel,3.5,71.0,1960.0,27.61
Klybeckstr. 190,4057,Basel,1.5,28.0,935.0,33.39
Maulbeerstr. 33,4058,Basel,1.5,45.0,1185.0,26.33
Zürcherstr. 160,4052,Basel,1,54.0,1260.0,23.33
Hiltalingerstr. 5,4057,Basel,2,57.0,1290.0,22.63
Hegenheimerstr. 240,4055,Basel,1,,890.0,
Dolderweg 4,4058,Basel,3.5,74.0,1710.0,23.11
Markircherstr. 56,4055,Basel,3,59.0,1490.0,25.25
Malzgasse 14,4052,Basel,3.5,81.0,2010.0,24.81
Engelgasse 45,4052,Basel,5.5,193.0,6280.0,32.54
Maiengasse 12,4056,Basel,2,51.0,1500.0,29.41
,4055,Basel,3.5,88.0,1690.0,19.2
Amerbachstr. 23,4057,Basel,2.5,57.0,1730.0,30.35
Freiburgerstr. 9,4057,Basel,2.5,,1600.0,
Maulbeerstr. 31,4058,Basel,4,68.0,1445.0,21.25
Gotthelfstr. 96,4054,Basel,1,34.0,985.0,28.97
Riehenstr. 157,4058,Basel,2.5,64.0,1450.0,22.66
Kraftstr. 16,4056,Basel,2.5,89.0,1660.0,18.65
Dornacherstr. 329,4053,Basel,1,,1100.0,
Laufenburgerstr. 10,4058,Basel,3,75.0,1585.0,21.13
Wasgenring 91,4055,Basel,4,89.0,1720.0,19.33
Hiltalingerstr.5,4057,Basel,2,57.0,1290.0,22.63
Lothringerstr. 55,4056,Basel,2,44.0,1100.0,25.0
Riehenring 147,4058,Basel,2.5,49.0,1530.0,31.22
Farnsburgerstr. 6,4052,Basel,3.5,85.0,2200.0,25.88
Gundeldingerrain 10 (Tec),4053,Basel,3,85.0,1703.0,20.04
Reinacherstr. 70,4053,Basel,3,74.0,1480.0,20.0
Dornacherstr. 240,4053,Basel,1,,1055.0,
Byfangweg 1,4051,Basel,2,57.0,1330.0,23.33
Blochmonterstr. 4,4054,Basel,2.5,80.0,1946.0,24.32
Holeestr. 108,4054,Basel,3,78.0,1735.0,22.24
Dornacherstr. 149,4053,Basel,3.5,86.0,1800.0,20.93
Hammerstr. 73,4057,Basel,3,57.0,1360.0,23.86
Hüningerstr. 3,4056,Basel,2.5,78.0,2030.0,26.03
Wanderstr. 91,4054,Basel,4.5,140.0,2600.0,18.57
Dornacherstr. 34,4053,Basel,2,57.0,1310.0,22.98
Erlenstr. 47,4058,Basel,2.5,67.0,1490.0,22.24
Schönaustr. 47,4058,Basel,2,50.0,1025.0,20.5
Gilgenbergerstr. 9,4053,Basel,3.5,77.0,1540.0,20.0
Holeestr. 108,4054,Basel,2,63.0,1400.0,22.22
Allschwilerstr. 31,4055,Basel,2.5,46.0,1350.0,29.35
Solothurnerstr. 62,4053,Basel,3,68.0,1640.0,24.12
Saint-Louis-Str. 23-29,4056,Basel,2.5,72.0,1885.0,26.18
Saint-Louis-Str. 23-29,4056,Basel,1.5,61.0,1635.0,26.8
Waldshuterstr. 10,4058,Basel,3,70.0,1510.0,21.57
Oltingerstr. 33,4055,Basel,1,34.0,820.0,24.12
Allschwilerstr. 38,4055,Basel,1,56.0,1130.0,20.18
Gundeldingerstr. 125,4053,Basel,3,121.0,2940.0,24.3
Dufourstr. 49,4052,Basel,4,148.0,3040.0,20.54
Blotzheimerstr. 33,4055,Basel,3.5,73.0,1660.0,22.74
Birsstr. 320,4052,Basel,2.5,112.0,3010.0,26.88
Friedensgasse 35,4056,Basel,4.5,96.0,2150.0,22.4
Blotzheimerstr. 71,4055,Basel,4,97.0,1905.0,19.64
Redingstr.,4052,Basel,3.5,98.0,2205.0,22.5
Redingstr.,4052,Basel,2.5,81.0,2950.0,36.42
Redingstr.,4052,Basel,4.5,114.0,3170.0,27.81
Klingental 1,4058,Basel,2,66.0,1695.0,25.68
Untere Rheingasse 12,4058,Basel,2.5,55.0,1500.0,27.27
Rosentalstr. 17,4058,Basel,3.5,85.0,2925.0,34.41
Hagentalerstr. 33,4055,Basel,2.5,62.0,1450.0,23.39
Bachlettenstr. 31,4054,Basel,3,78.0,1960.0,25.13
Herrengrabenweg 64,4054,Basel,2.5,58.0,1700.0,29.31
Spalenring 151,4055,Basel,3,72.0,1640.0,22.78
Göschenenstr. 15,4054,Basel,2,57.0,1425.0,25.0
Rosentalstr. 17,4058,Basel,1.5,50.0,1410.0,28.2
Schutzenmattsttrasse 40,4051,Basel,1.5,30.0,1087.0,36.23
Gundeldingerrain 81,4059,Basel,3.5,98.0,2040.0,20.82
Schneidergasse 21,4051,Basel,2,50.0,1650.0,33.0
Birsstr. 320,4052,Basel,5.5,196.0,4910.0,25.05
Güterstr. 79,4053,Basel,1,43.0,1265.0,29.42
Badenweilerstr. 28,4057,Basel,2.5,69.0,1590.0,23.04
Luzernerring 64,4056,Basel,3,75.0,1635.0,21.8
Gasstr. 4,4056,Basel,3.5,70.0,1750.0,25.0
Schorenweg 40,4058,Basel,1,32.0,895.0,27.97
Hasenberg 3,4054,Basel,2.5,65.0,1559.0,23.98
Breisacherstr. 133,4057,Basel,3,66.0,1490.0,22.58
Hebelstr. 65,4056,Basel,3,77.0,1740.0,22.6
Gotthelfstr. 96,4054,Basel,1,30.0,880.0,29.33
Neubadstr. 150,4054,Basel,3.5,121.0,2450.0,20.25
Sempacherstr. 12,4053,Basel,2,,1030.0,
Adlerstr. 32,4052,Basel,3.5,86.0,1840.0,21.4
Kleinhüningerstr. 87,4057,Basel,2,40.0,1260.0,31.5
Kirchgasse 2,4058,Basel,1,24.0,850.0,35.42
Riehenstr. 22,4058,Basel,3,79.0,1770.0,22.41
Güterstr. 94,4053,Basel,3,74.0,1560.0,21.08
Oberwilerstr. 157,4054,Basel,1.5,46.0,1160.0,25.22
Schlossgasse 7,4057,Basel,2,,1090.0,
Tolle 3 Zimmerwohnung An Zentraler Lage,4057,Basel,3,,1790.0,
Schützengraben 4,4051,Basel,4,104.0,2390.0,22.98
Erlenmattstr. 83,4058,Basel,3.5,83.0,2280.0,27.47
Rosentalstr. 71,4058,Basel,3,74.0,1720.0,23.24
Entenweidstr. 84B,4056,Basel,3,63.0,1370.0,21.75
Zürcherstr. 23,4052,Basel,2.5,63.0,1340.0,21.27
Gundeldingerrain 10 (Tec),4053,Basel,2,48.0,1264.0,26.33
St. Alban-Rheinweg 80,4052,Basel,1,37.0,1050.0,28.38
Schwarzwaldallee 269,4058,Basel,2.5,38.0,1460.0,38.42
Riehenstr. 163,4058,Basel,2,56.0,1240.0,22.14
Schwarzwaldallee 269,4058,Basel,3.5,90.0,1910.0,21.22
Jacob Burckhardt-Str. 77,4052,Basel,3,76.0,1820.0,23.95
Grosspeterstr. 11,4052,Basel,3,61.0,1530.0,25.08
Gotthelfstr. 96,4054,Basel,2,52.0,1220.0,23.46
Klingental 1,4058,Basel,2.5,102.0,1876.0,18.39
Birsigstr. 80,4054,Basel,1,33.0,870.0,26.36
Bachlettenstr. 37,4054,Basel,2,48.0,1390.0,28.96
Klybeckstr. 190,4057,Basel,3,84.0,2380.0,28.33
Klybeckstr. 190,4057,Basel,3.5,71.0,1930.0,27.18
Farnsburgerstr. 44,4052,Basel,,,2520.0,
Turnerstr. 6,4058,Basel,3,75.0,1620.0,21.6
Feldbergstr. 96,4057,Basel,3,,1780.0,
Lachenstr. 16,4056,Basel,3,69.0,1670.0,24.2
Kandererstr. 29,4057,Basel,2,68.0,1470.0,21.62
Spalenberg 26,4051,Basel,2,46.0,1450.0,31.52
Rheinfelderstr. 3,4058,Basel,2.5,55.0,1200.0,21.82
Sempacherstr. 59,4053,Basel,3,77.0,1460.0,18.96
Spalenring 160,4055,Basel,2.5,64.0,1700.0,26.56
Elsässerstr. 51,4056,Basel,4,94.0,1860.0,19.79
Oberer Batterieweg 8,4059,Basel,2,60.0,1220.0,20.33
Holeestr. 159,4054,Basel,2,47.0,1345.0,28.62
Am Krayenrain 10,4056,Basel,2,61.0,1650.0,27.05
Eisenbahnweg 10,4058,Basel,3.5,100.0,1990.0,19.9
Gerbergässlein 41,4051,Basel,1.5,96.0,2440.0,25.42
Gerbergasse 70,4001,Basel,1.5,96.0,2440.0,25.42
Eisenbahnweg 10,4058,Basel,3,75.0,1650.0,22.0
Flughafenstr. 61,4056,Basel,3,60.0,1500.0,25.0
Colmarerstr. 77,4055,Basel,3,69.0,1690.0,24.49
Pfeffingerstr. 82,4053,Basel,3,68.0,1540.0,22.65
Schenkstr. 37,3008,Bern,3.5,,1600.0,
Schwarztorstr. 36,3007,Bern,2.5,62.0,1690.0,27.26
Waldmannstr. 53,3027,Bern,3.5,68.0,1390.0,20.44
Giacomettistr. 31,3006,Bern,1,90.0,1334.0,14.82
,3008,Bern,4.5,98.0,3240.0,33.06
Stöckackerstr. 101,3018,Bern,3,68.0,1400.0,20.59
,3007,Bern,3.5,75.0,1690.0,22.53
Länggassstr. 50,3012,Bern,1,,826.0,
Neuhausweg 25,3027,Bern,4.5,113.0,775.0,6.86
,3014,Bern,3,85.0,1990.0,23.41
Parkstr. 11 A,3014,Bern,1,24.0,840.0,35.0
,3008,Bern,3.5,90.0,2090.0,23.22
Lorrainestr. 2,3013,Bern,1,30.0,1290.0,43.0
,3007,Bern,2.5,72.0,1375.0,19.1
Thunstr. 93,3006,Bern,3,60.0,1750.0,29.17
Zieglerstr. 36,3007,Bern,1,31.0,920.0,29.68
Egelbergstr. 17,3006,Bern,1,30.0,700.0,23.33
Chutzenstr. 66,3007,Bern,1,32.0,910.0,28.44
Morgartenstr. 15,3014,Bern,4.5,85.0,2750.0,32.35
Weltpoststr. 3C,3015,Bern,3.5,83.0,2260.0,27.23
Schwarztorstr. 36,3007,Bern,1.5,37.0,1290.0,34.86
Bitziusstr. 40,3006,Bern,2.5,84.0,2730.0,32.5
Weltpoststr. 1A,3015,Bern,2.5,70.0,2000.0,28.57
Aegertenstr. 47,3005,Bern,3,80.0,2200.0,27.5
Berchtoldstr. 49,3012,Bern,2.5,54.0,1550.0,28.7
Mühledorfstr. 25,3018,Bern,3.5,74.0,1715.0,23.18
,3013,Bern,2.5,95.0,2280.0,24.0
,3008,Bern,4,,2190.0,
,3013,Bern,2.5,60.0,1798.0,29.97
,3005,Bern,4.5,112.0,5748.0,51.32
,3011,Bern,3.5,95.0,1999.0,21.04
,3005,Bern,3.5,70.0,2160.0,30.86
,3006,Bern,1,,1536.0,
,3018,Bern,3,66.0,1440.0,21.82
,3006,Bern,1,30.0,1536.0,51.2
,3014,Bern,2.5,60.0,1625.0,27.08
,3011,Bern,3,70.0,2820.0,40.29
,3005,Bern,5.5,150.0,7680.0,51.2
,3011,Bern,3,70.0,2880.0,41.14
,3011,Bern,2,50.0,1740.0,34.8
,3018,Bern,2.5,,1500.0,
,3013,Bern,3,,2350.0,
,3005,Bern,2,50.0,2880.0,57.6
,3013,Bern,4.5,100.0,2750.0,27.5
,3007,Bern,2.5,56.0,1800.0,32.14
,3018,Bern,3.5,80.0,1375.0,17.19
,3008,Bern,3.5,95.0,2488.0,26.19
,3027,Bern,1,30.0,1440.0,48.0
,3007,Bern,2.5,70.0,1800.0,25.71
,3012,Bern,1,34.0,1538.0,45.24
,3007,Bern,3,80.0,2300.0,28.75
,3014,Bern,4,100.0,2400.0,24.0
,3011,Bern,4,114.0,2820.0,24.74
,3012,Bern,3,85.0,3000.0,35.29
,3012,Bern,3.5,,1980.0,
,3007,Bern,3,110.0,2875.0,26.14
,3005,Bern,2,52.0,3100.0,59.62
,3011,Bern,2,48.0,1990.0,41.46
,3011,Bern,2.5,70.0,2990.0,42.71
,3013,Bern,1.5,28.0,1500.0,53.57
,3013,Bern,4.5,90.0,2400.0,26.67
,3007,Bern,3,70.0,1861.0,26.59
,3011,Bern,2.5,70.0,2990.0,42.71
,3005,Bern,3.5,80.0,2400.0,30.0
,3011,Bern,3.5,120.0,3240.0,27.0
,3006,Bern,1,30.0,1560.0,52.0
,3014,Bern,4.5,90.0,2620.0,29.11
,3013,Bern,3.5,,2863.0,
Morgartenstr. 15,3014,Bern,4.5,95.0,2550.0,26.84
Brunngasse 48,3011,Bern,3.5,95.0,1600.0,16.84
Murtenstr. 17,3008,Bern,1,,810.0,
Mühledorfstr. 4,3018,Bern,3,59.0,1600.0,27.12
Sennweg 3,3012,Bern,2,58.0,1700.0,29.31
Viktoriastr. 21 (Süd),3013,Bern,2.5,58.0,1670.0,28.79
Blockweg 8,3007,Bern,3,82.0,1470.0,17.93
Werkgasse 38,3018,Bern,1.5,60.0,1250.0,20.83
Waldmannstr. 53,3027,Bern,2.5,56.0,1150.0,20.54
Ostring 77,3006,Bern,2,47.0,1250.0,26.6
Ostring 77,3006,Bern,2,47.0,1250.0,26.6
Riedbachstr. 82,3027,Bern,3.5,86.0,2120.0,24.65
Looslistr. 50,3027,Bern,2.5,,1250.0,
Viktoriarain 14,3013,Bern,6.5,150.0,3270.0,21.8
Brückfeldstr. 19,3012,Bern,1.5,37.0,1280.0,34.59
Libellenweg 28,3006,Bern,3.5,,1645.0,
Beaulieustr. 47,3012,Bern,3.5,60.0,1950.0,32.5
Friedlistr. 16,3006,Bern,2,,1730.0,
Frankenstr.,3018,Bern,2,57.0,1090.0,19.12
Wangenstr. 50,3018,Bern,3.5,,1195.0,
Cäcilienstr. 21,3007,Bern,3,54.0,1400.0,25.93
Sulgenrain 12,3007,Bern,2.5,63.0,1580.0,25.08
,3012,Bern,2.5,46.0,1290.0,28.04
Postgasse 54,3011,Bern,2.5,47.0,2070.0,44.04
Randweg 15,3013,Bern,1,,760.0,
Spitalackerstr. 21,3013,Bern,2.5,103.0,1935.0,18.79
Holligenstr. 109,3008,Bern,3,73.0,1540.0,21.1
Monbijoustr. 75,3007,Bern,3,83.0,1895.0,22.83
Fellenbergstr. 14,3012,Bern,4,,2900.0,
Greyerzstr. 47,3013,Bern,2.5,,1575.0,
Mühledorfstr. 4,3018,Bern,3,60.0,1670.0,27.83
Keltenstr. 11,3018,Bern,3.5,66.0,1434.0,21.73
Burgernzielweg 16,3006,Bern,4.5,103.0,2150.0,20.87
Ostring 62,3006,Bern,3.5,70.0,1881.0,26.87
,3018,Bern,3,,1360.0,
Rathausgasse 12,3011,Bern,3,73.0,1890.0,25.89
Schwarzenburgstr. 226,3097,Bern,2.5,54.0,1315.0,24.35
Lerchenweg 29,3012,Bern,1.5,75.0,2150.0,28.67
Allmendstr. 7,3014,Bern,3.5,,1650.0,
Riedbachstr. 77,3027,Bern,2.5,54.0,1490.0,27.59
Gerechtigkeitsgasse 35,3011,Bern,2,46.0,1480.0,32.17
Egelgasse 66,3006,Bern,3,69.0,1350.0,19.57
Könizstr. 27,3008,Bern,3.5,89.0,1740.0,19.55
Schwarztorstr. 36,3007,Bern,1.5,38.0,1340.0,35.26
Mühledorfstr. 25,3018,Bern,3.5,75.0,1715.0,22.87
Gigonweg 19,3027,Bern,2.5,74.0,1620.0,21.89
Morgartenstr. 15,3014,Bern,4.5,95.0,2750.0,28.95
Morgartenstr. 15,3014,Bern,2.5,42.0,1550.0,36.9
Riedbachstr. 77,3027,Bern,2.5,54.0,1480.0,27.41
Wangenstr. 62,3018,Bern,2,,1350.0,
Neuhausweg 23,3027,Bern,3,,1390.0,
,3006,Bern,4,,1480.0,
Waldmannstr. 53,3027,Bern,3.5,68.0,1360.0,20.0
Rodtmattstr. 57,3014,Bern,2,,1730.0,
Gesellschaftsstr. 63,3012,Bern,2,52.0,1450.0,27.88
Muesmattstr. 48,3012,Bern,1,20.0,880.0,44.0
Jupiterstr. 51,3015,Bern,2.5,61.0,1415.0,23.2
Reichenbachstr. 120,3004,Bern,2.5,60.0,1430.0,23.83
Reichenbachstr. 120,3004,Bern,2.5,57.0,1400.0,24.56
Seminarstr. 11,3006,Bern,3.5,120.0,2700.0,22.5
Rabbentalstr.,3013,Bern,1,25.0,1100.0,44.0
,3006,Bern,3.5,78.0,1630.0,20.9
Thunstr. 31,3005,Bern,4.5,120.0,2750.0,22.92
Mittelstr. 40/42,3012,Bern,3.5,77.0,2420.0,31.43
Sonnenhofweg 25,3006,Bern,2.5,55.0,1470.0,26.73
Ostring 25,3006,Bern,1,34.0,870.0,25.59
Elisabethenstr. 10,3014,Bern,2.5,,2250.0,
Ostring 62,3006,Bern,3.5,,1881.0,
Holligenstr. 109,3008,Bern,3,73.0,1560.0,21.37
Bolligenstr.28B,3006,Bern,5.5,148.0,2850.0,19.26
Fröschmattstr. 26,3018,Bern,3,63.0,1400.0,22.22
Römerweg 1,3013,Bern,1,,760.0,
Pulverweg 40,3006,Bern,1.5,,770.0,
Pulverweg 42,3006,Bern,1,,594.0,
Fischermättelistr. 13,3008,Bern,3.5,70.0,1755.0,25.07
Klaraweg 39,3006,Bern,3,,1450.0,
Lerchenweg 37,3012,Bern,2.5,67.0,1680.0,25.07
Bonstettenstr. 10,3012,Bern,2,55.0,1440.0,26.18
Egelgasse 66,3006,Bern,3,,1350.0,
Hostettlerweg 2,3006,Bern,4.5,129.0,5210.0,40.39
Parkstr. 9,3014,Bern,1,21.0,880.0,41.9
Gäbelbachstr. 47,3027,Bern,2.5,,930.0,
Mühledorfstr. 2A,3018,Bern,2.5,51.0,1406.0,27.57
Papiermühlestr. 2 B,3013,Bern,3.5,75.0,1720.0,22.93
Rathausgasse 50,3011,Bern,2,,1500.0,
Papiermühlestr. 2 B,3013,Bern,2,55.0,1445.0,26.27
Brunngasse 30,3011,Bern,1.5,39.0,1590.0,40.77
Waldheimstr. 14,3012,Bern,1,30.0,1190.0,39.67
Schlossstr. 102,3008,Bern,3,,1460.0,
Münstergasse 55,3011,Bern,2,60.0,1465.0,24.42
,3027,Bern,2.5,84.0,1082.0,12.88
Rodtmattstr. 77,3014,Bern,2,,1370.0,
,3005,Bern,3.5,90.0,1800.0,20.0
Werkgasse 56,3018,Bern,1,23.0,990.0,43.04
Hintere Engehaldestr. 12,3004,Bern,3.5,104.0,1890.0,18.17
Brunngasse 50,3011,Bern,1,,800.0,
Europaplatz 1A,3008,Bern,2.5,63.0,1950.0,30.95
Bahnstr. 99,3008,Bern,3.5,50.0,1580.0,31.6
Allmendstr. 7,3014,Bern,3.5,,1770.0,
Elfenstr. 3,3006,Bern,5,146.0,4800.0,32.88
,3027,Bern,3.5,87.0,2160.0,24.83
Haldenstr. 143,3014,Bern,2,50.0,1360.0,27.2
Landoltstr. 60,3007,Bern,2,63.0,1300.0,20.63
Lerberstr. 30,3013,Bern,6,,4290.0,
Bitziusstr. 51,3006,Bern,4.5,104.0,2800.0,26.92
Weltpoststr. 3B,3015,Bern,2.5,66.0,1870.0,28.33
Schosshaldentrasse 20B,3006,Bern,2.5,,1215.0,
Hintere Engehaldestr. 12,3004,Bern,2.5,65.0,1540.0,23.69
Muesmattstr. 48,3012,Bern,1,23.0,880.0,38.26
Riedbachstr.,3027,Bern,2.5,,1400.0,
Wankdorffeldstr. 101,3014,Bern,2,64.0,1620.0,25.31
Bümplizstr. 200,3018,Bern,2,,1190.0,
Riedbachstr. 77,3027,Bern,2.5,54.0,1470.0,27.22
Hirschengraben 6,3011,Bern,3.5,107.0,2570.0,24.02
Sahlistr. 46,3012,Bern,2,,1470.0,
Murtenstr. 143 B,3008,Bern,2,39.0,1350.0,34.62
Jurastr. 17,3013,Bern,3,70.0,1780.0,25.43
Effingerstr. 109,3008,Bern,2.5,64.0,1360.0,21.25
Altenbergstr. 80,3013,Bern,2.5,58.0,1690.0,29.14
Hintere Engehaldestr. 12,3004,Bern,2.5,86.0,1625.0,18.9
Wylerstr. 71,3014,Bern,2,56.0,1450.0,25.89
Fabrikstr. 29 B,3012,Bern,2,52.0,1390.0,26.73
Waldmeisterstr. 44,3018,Bern,2.5,53.0,1420.0,26.79
Weidgasse 10,3018,Bern,3.5,75.0,1510.0,20.13
Breitenrainstr. 27,3013,Bern,3.5,75.0,1990.0,26.53
Rodtmattstr. 55,3014,Bern,3,,1750.0,
Nelkenweg 3,3006,Bern,3,,2390.0,
Nelkenweg 3,3006,Bern,3,,2190.0,
Lagerweg 4,3013,Bern,2.5,50.0,1430.0,28.6
Effingerstr. 41D,3008,Bern,2.5,88.0,2230.0,25.34
Effingerstr. 41D,3008,Bern,4.5,192.0,4740.0,24.69
Effingerstr. 41D,3008,Bern,3.5,118.0,2990.0,25.34
,3004,Bern,3,60.0,1610.0,26.83
Wangenstr. 96,3018,Bern,3,72.0,1500.0,20.83
Waldheimstr. 6,3012,Bern,1,,1300.0,
Schönburgstr. 19,3013,Bern,3.5,70.0,1995.0,28.5
Ostring 21,3006,Bern,2.5,73.0,1390.0,19.04
Schönauweg,3007,Bern,3.5,77.0,1499.0,19.47
Nordweg 12,3013,Bern,3.5,90.0,2620.0,29.11
Holligenstr. 121,3008,Bern,3,73.0,1545.0,21.16
Trüsselstr. 4,3014,Bern,1.5,24.0,2310.0,96.25
Neuwiesenstr. 18,8400,Winterthur,3,62.0,1450.0,23.39
St. Gallerstr. 48,8400,Winterthur,5.5,130.0,3140.0,24.15
Reismühlestr. 3,8409,Winterthur,4.5,102.0,2150.0,21.08
Rychenbergstr. 55A,8400,Winterthur,3.5,83.0,2190.0,26.39
Wässerwiesenstr. 79C,8408,Winterthur,2.5,72.0,1780.0,24.72
Lindbergstr. 20,8404,Winterthur,4,71.0,1700.0,23.94
Guggenbühlstr. 121,8404,Winterthur,4.5,98.0,1960.0,20.0
Stadlerstr. 156,8404,Winterthur,2.5,66.0,1452.0,22.0
Eichgutstr. 6,8400,Winterthur,4.5,123.0,3080.0,25.04
Sonnenblickstr. 23,8404,Winterthur,1.5,65.0,1435.0,22.08
Sonnenblickstr. 10,8404,Winterthur,3,73.0,1810.0,24.79
Römerstr. 148,8404,Winterthur,1.5,40.0,971.0,24.28
Else-Züblin-Str. 102,8404,Winterthur,4.5,121.0,2410.0,19.92
Wolfensbergstr.29,8400,Winterthur,7.5,170.0,3430.0,20.18
Sulzer-Allee 77,8404,Winterthur,3.5,98.0,2160.0,22.04
St. Gallerstr. 42E,8400,Winterthur,3.5,104.0,2450.0,23.56
Seuzacherstr. 13A,8400,Winterthur,3.5,95.0,2540.0,26.74
Meilistr. 5,8400,Winterthur,4.5,122.0,2402.0,19.69
,8400,Winterthur,3.5,90.0,2250.0,25.0
,8400,Winterthur,2,80.0,2250.0,28.12
,8400,Winterthur,2.5,75.0,2664.0,35.52
,8400,Winterthur,4.5,89.0,2520.0,28.31
,8405,Winterthur,3.5,75.0,1938.0,25.84
,8406,Winterthur,3,80.0,1980.0,24.75
Langwiesenstr. 16,8408,Winterthur,3,64.0,1570.0,24.53
Schützenstr. 81,8400,Winterthur,2.5,64.0,1595.0,24.92
Bachwiesenstr. 42,8405,Winterthur,3.5,75.0,1540.0,20.53
Kernstr. 31,8406,Winterthur,3,50.0,1650.0,33.0
Hinterwiesliweg 2,8400,Winterthur,3.5,75.0,1795.0,23.93
,8408,Winterthur,2,,1260.0,
Auf Pünten 35,8405,Winterthur,4.5,90.0,1808.0,20.09
Guggenbühlstr. 60,8404,Winterthur,4.5,93.0,1975.0,21.24
Mooswiesenweg 19,8404,Winterthur,3,65.0,1495.0,23.0
Solarstr. 3,8404,Winterthur,3.5,86.0,1980.0,23.02
Wurmbühlstr. 2,8405,Winterthur,3.5,70.0,1360.0,19.43
Einfangstr. 19,8406,Winterthur,3,,1500.0,
Etzbergstr. 37,8405,Winterthur,4.5,120.0,2750.0,22.92
Römerstr. 50,8400,Winterthur,2,57.0,1490.0,26.14
Palmstr. 8,8400,Winterthur,2.5,84.0,1920.0,22.86
St. Gallerstr. 42D,8400,Winterthur,3.5,86.0,2420.0,28.14
Ursulaweg 29,8404,Winterthur,4.5,90.0,1740.0,19.33
Pfaffenwiesenstr. 52,8404,Winterthur,3.5,70.0,1432.0,20.46
Sonnenblickstr. 23,8404,Winterthur,1.5,65.0,1435.0,22.08
Feldstr. 49,8400,Winterthur,1,36.0,1105.0,30.69
Büelhofstr. 36,8405,Winterthur,4,80.0,1940.0,24.25
Robert-Sulzer-Gasse 18,8400,Winterthur,3.5,74.0,2105.0,28.45
Römerstr. 236,8404,Winterthur,3,69.0,1530.0,22.17
Obere Schöntalstr. 40,8406,Winterthur,3.5,86.0,1960.0,22.79
Seuzacherstr. 9B,8400,Winterthur,3.5,94.0,2480.0,26.38
Tösstalstr. 138,8400,Winterthur,3.5,67.0,2085.0,31.12
Albrechtstr. 10,8406,Winterthur,4.5,170.0,2950.0,17.35
Seuzacherstr. 9A,8400,Winterthur,1.5,44.0,1350.0,30.68
Poststr. 1,8406,Winterthur,1.5,35.0,1190.0,34.0
Poststr. 1,8406,Winterthur,1.5,33.0,1170.0,35.45
Wallrütistr. 117A,8404,Winterthur,2.5,66.0,1535.0,23.26
Rychenbergstr. 2,8400,Winterthur,2.5,50.0,1200.0,24.0
Büelrainstr. 19,8400,Winterthur,1,19.0,875.0,46.05
Scherrerstr. 8,8400,Winterthur,4,88.0,1955.0,22.22
Bollstr. 4 B,8405,Winterthur,4.5,101.0,1900.0,18.81
Unterwegli 45,8404,Winterthur,2.5,71.0,1370.0,19.3
,8406,Winterthur,3.5,90.0,2100.0,23.33
Waldeggweg 7A,8400,Winterthur,4,,1850.0,
Zypressenstr. 20,8408,Winterthur,3.5,68.0,1490.0,21.91
Hegistr. 41B,8404,Winterthur,3.5,93.0,1995.0,21.45
Bleichestr. 21A,8400,Winterthur,3.5,65.0,1565.0,24.08
Pfaffenwiesenstr. 52,8404,Winterthur,3.5,70.0,1505.0,21.5
Sulzerallee 59,8404,Winterthur,3.5,98.0,2305.0,23.52
Lindenstr. 7,8400,Winterthur,4.5,,2190.0,
Hörnlistr. 83,8400,Winterthur,3.5,107.0,2800.0,26.17
,8400,Winterthur,2,80.0,1950.0,24.38
,8405,Winterthur,5,137.0,2260.0,16.5
Bürglistr. 9,8400,Winterthur,3,,1575.0,
Wässerwiesenstr. 81C,8408,Winterthur,3.5,93.0,2030.0,21.83
Oberebriggerstr.,8406,Winterthur,1,30.0,1100.0,36.67
Wallrütistr. 78,8404,Winterthur,3,60.0,1371.0,22.85
Stationsstr. 7,8406,Winterthur,3.5,,1658.0,
Heiniweg 16,8404,Winterthur,3.5,77.0,1555.0,20.19
Seuzacherstr. 13B,8400,Winterthur,3.5,95.0,2490.0,26.21
Hofwiesenweg 2,8405,Winterthur,2,53.0,1395.0,26.32
Guggenbühlstr. 10,8404,Winterthur,3,58.0,1435.0,24.74
Turmstr. 72,8400,Winterthur,2.5,40.0,1350.0,33.75
Holzlegistr.,8408,Winterthur,3,,1498.0,
Wülflingerstr. 324,8408,Winterthur,4,,1530.0,
Pflanzschulstr. 37,8400,Winterthur,4.5,126.0,2840.0,22.54
Neuwiesenstr. 10,8400,Winterthur,,,1290.0,
Wieshofstr. 80,8408,Winterthur,3.5,80.0,1470.0,18.38
Riedhofstr. 58,8408,Winterthur,2.5,63.0,1720.0,27.3
Euelstr. 66,8408,Winterthur,3.5,114.0,2244.0,19.68
St. Gallerstr. 50,8400,Winterthur,2.5,72.0,2040.0,28.33
Eichgutstr. 2,8400,Winterthur,5.5,143.0,3450.0,24.13
Rümikerstr. 36,8409,Winterthur,4.5,115.0,2500.0,21.74
Schlosshofstr. 64,8400,Winterthur,3.5,91.0,2150.0,23.63
Lindbergstr. 20,8404,Winterthur,3,56.0,1490.0,26.61
Dättnauerstr. 147,8406,Winterthur,5.5,122.0,2680.0,21.97
Eichliackerstr. 23,8406,Winterthur,2.5,75.0,1850.0,24.67
Baderstr. 21,8400,Winterthur,3.5,,1890.0,
Poststr. 1,8406,Winterthur,2.5,53.0,1670.0,31.51
Schlosstalstr.,8406,Winterthur,3.5,60.0,1670.0,27.83
Hulfteggstr. 14,8400,Winterthur,3.5,90.0,1690.0,18.78
Römerstr.,8404,Winterthur,4,90.0,1860.0,20.67
Sulzer-Allee 71,8404,Winterthur,2.5,72.0,1810.0,25.14
Else-Züblin-Str. 74,8404,Winterthur,3.5,100.0,2140.0,21.4
Am Eulachpark 15,8404,Winterthur,3.5,101.0,2280.0,22.57
Feldstr. 49,8400,Winterthur,1,36.0,1105.0,30.69
Schaffhauserstr. 56,8400,Winterthur,1.5,70.0,1370.0,19.57
Kanzleistr.,8405,Winterthur,3,,1560.0,
Zürcherstr. 30,8400,Winterthur,3,50.0,1590.0,31.8
Oberseenerstr. 16,8405,Winterthur,3,63.0,1640.0,26.03
Feldstr. 49,8400,Winterthur,2,60.0,1375.0,22.92
Rössligasse 10,8405,Winterthur,3.5,80.0,1850.0,23.12
Emil Klöti-Str. 2,8406,Winterthur,3.5,88.0,1895.0,21.53
Else-Züblin-Str. 85C,8404,Winterthur,1,115.0,2250.0,19.57
Holzlegistr. 6,8408,Winterthur,3,61.0,1435.0,23.52
Kornweg 2,8405,Winterthur,4,,1690.0,
Ida-Sträulistr. 49,8404,Winterthur,3.5,83.0,2050.0,24.7
Bäumlistr. 3,8404,Winterthur,4.5,95.0,3130.0,32.95
Wallrütistr. 113,8404,Winterthur,4,,1755.0,
Reutlingerstr. 15,8404,Winterthur,1.5,30.0,960.0,32.0
Sulzer-Allee 81,8404,Winterthur,2.5,68.0,1860.0,27.35
Else-Züblin-Str. 70,8404,Winterthur,2.5,67.0,1810.0,27.01
Schönaustr. 4,8400,Winterthur,2.5,52.0,1200.0,23.08
,8406,Winterthur,4.5,,1950.0,
St. Gallerstr. 44,8400,Winterthur,3.5,85.0,2430.0,28.59
Else-Züblin-Str. 85A,8404,Winterthur,1,90.0,2090.0,23.22
Etzbergstr. 16A,8405,Winterthur,3.5,71.0,1580.0,22.25
Unterwiesenstr. 10,8408,Winterthur,4.5,88.0,1863.0,21.17
Seuzacherstr. 11B,8400,Winterthur,3.5,88.0,2370.0,26.93
Seuzacherstr. 7A,8400,Winterthur,3.5,98.0,2520.0,25.71
Gutstr. 13,8400,Winterthur,1,39.0,1245.0,31.92
Schulgasse 3,8000,Winterthur,1,13.0,910.0,70.0
Zürcherstr. 157,8406,Winterthur,2,46.0,1400.0,30.43
Stadlerstr. 158,8404,Winterthur,3.5,79.0,1729.0,21.89
Römertorstr. 2,8404,Winterthur,3.5,84.0,2150.0,25.6
Lokstadt,8400,Winterthur,2.5,,,
Lokstadt,8400,Winterthur,4.5,,,
Lokstadt,8400,Winterthur,3.5,,,
St. Gallerstr. 46,8400,Winterthur,3.5,85.0,2390.0,28.12
Zürcherstr. 145,8406,Winterthur,1.5,37.0,1250.0,33.78
Maienstr. 2,8406,Winterthur,3.5,73.0,1650.0,22.6
Else-Züblin-Str. 66,8404,Winterthur,1,73.0,1710.0,23.42
Wülflingerstr. 349,8408,Winterthur,3.5,82.0,1704.0,20.78
Sulzerallee 80 - 88,8409,Winterthur,3.5,92.0,2220.0,24.13
Sulzer-Allee 71,8404,Winterthur,2.5,85.0,,
Feldstr. 16,8400,Winterthur,1.5,159.0,3430.0,21.57
Else-Züblin-Str. 72,8404,Winterthur,3.5,105.0,2200.0,20.95
Zücherstr. 143,8406,Winterthur,1.5,36.0,1990.0,55.28
Tössfeldstr. 67 B,8406,Winterthur,2.5,45.0,2250.0,50.0
Bäckerstr. 12,8400,Winterthur,1.5,35.0,1950.0,55.71
Kanzleistr. 57,8405,Winterthur,1.5,46.0,2100.0,45.65
Neustadtgasse 29,8400,Winterthur,1,16.0,1100.0,68.75
Abendweg 36,6006,Luzern,3,65.0,1465.0,22.54
Rothanhalde 22,6015,Luzern,3.5,70.0,1370.0,19.57
Inseliquai 12A,6005,Luzern,3.5,93.0,2830.0,30.43
Maihofstr. 68A,6006,Luzern,3.5,77.0,1670.0,21.69
Maihofstr. 68A,6006,Luzern,1,30.0,980.0,32.67
Baselstr. 13,6003,Luzern,6.5,125.0,3080.0,24.64
Bundesstr. 10,6003,Luzern,4,98.0,2050.0,20.92
Sternmattstr. 11,6005,Luzern,3.5,92.0,2535.0,27.55
,6003,Luzern,2.5,,1584.0,
,6003,Luzern,2,85.0,2664.0,31.34
,6006,Luzern,6,140.0,4100.0,29.29
,6004,Luzern,4.5,100.0,2890.0,28.9
,6006,Luzern,3,70.0,2500.0,35.71
,6005,Luzern,3.5,78.0,2160.0,27.69
Spitalstr. 13A,6004,Luzern,3,80.0,1690.0,21.12
Schönbühlring 1,6005,Luzern,3.5,72.0,1860.0,25.83
Obermättliweg 8,6015,Luzern,3,64.0,1032.0,16.12
Bleicherstr. 25,6003,Luzern,2.5,56.0,1490.0,26.61
Güterstr. 2B,6005,Luzern,3.5,91.0,2470.0,27.14
Fluhmattweg 3,6004,Luzern,3.5,95.0,1930.0,20.32
Würzenbachstr.,6006,Luzern,4.5,85.0,1610.0,18.94
,6003,Luzern,4.5,120.0,1875.0,15.62
Fluhmühlerain 3,6015,Luzern,3,60.0,1340.0,22.33
Rosengässli 11,6003,Luzern,3,,1850.0,
Matthofring 22,6005,Luzern,3.5,70.0,1720.0,24.57
Grenzweg,6003,Luzern,3.5,65.0,1380.0,21.23
Kreuzbuchstr. 35A,6006,Luzern,2.5,56.0,1640.0,29.29
Ruopigenring 79,6015,Luzern,4.5,,1830.0,
Ennetweg 4,6015,Luzern,1.5,29.0,995.0,34.31
Cheerstr.,6014,Luzern,3.5,84.0,1800.0,21.43
Werftestr. 4A,6005,Luzern,3.5,131.0,3400.0,25.95
Zihlmattweg 44,6005,Luzern,2.5,83.0,2590.0,31.2
Unterlachenstr. 15,6005,Luzern,2.5,51.0,1360.0,26.67
Kauffmannweg 17,6003,Luzern,3.5,83.0,1811.0,21.82
,6003,Luzern,1,,640.0,
Blattenmoosstr. 4,6014,Luzern,2,60.0,1130.0,18.83
Schlösslihalde 19,6006,Luzern,3.5,93.0,2820.0,30.32
Bundesplatz 4,6003,Luzern,3,75.0,1570.0,20.93
Hirtenhofring 18,6005,Luzern,3.5,69.0,1445.0,20.94
Militärstr. 37,6003,Luzern,3,74.0,1570.0,21.22
Mozartstr. 3,6004,Luzern,4,87.0,1680.0,19.31
,6004,Luzern,3,75.0,1940.0,25.87
Kellerstr. 19,6005,Luzern,4,,1570.0,
Längweiherstr. 22,6014,Luzern,3.5,75.0,1540.0,20.53
Haldenstr. 5,6006,Luzern,4,,2950.0,
Sagenmattstr. 22,6003,Luzern,3,,1450.0,
Winkelriedstr. 37,6003,Luzern,2.5,60.0,1630.0,27.17
Kauffmannweg 28,6003,Luzern,2.5,72.0,1780.0,24.72
Abendweg,6006,Luzern,2,51.0,1075.0,21.08
Fluhmattstr. 56,6004,Luzern,3.5,68.0,1490.0,21.91
Salzfassstr. 8A,6006,Luzern,3.5,,3240.0,
Horwerstr. 32,6005,Luzern,3.5,100.0,2510.0,25.1
Sempacherstr. 34,6003,Luzern,1,25.0,765.0,30.6
Bruchstr. 2,6003,Luzern,2,85.0,2130.0,25.06
Biregghang 6,6005,Luzern,3.5,87.0,1780.0,20.46
Habsburgerstr. 11,6003,Luzern,3,72.0,1540.0,21.39
Hauptstr. 17,6015,Luzern,3.5,,1370.0,
Bergstr. 13,6004,Luzern,2.5,90.0,1950.0,21.67
,6005,Luzern,2.5,48.0,1730.0,36.04
Seefeldrain 3,6006,Luzern,4.5,103.0,2130.0,20.68
Seefeldstr. 8,6006,Luzern,3.5,84.0,2120.0,25.24
Seefeldstr. 8,6006,Luzern,4.5,100.0,2220.0,22.2
Imfangring 16,6005,Luzern,4.5,92.0,1690.0,18.37
Maihofstr. 4,6004,Luzern,3,90.0,1930.0,21.44
Lindenstr. 34,6015,Luzern,2.5,50.0,1260.0,25.2
Würzenbachstr. 34,6006,Luzern,3,64.0,1510.0,23.59
Habsburgerstr. 37,6003,Luzern,4.5,115.0,2300.0,20.0
Winkelriedstr.,6003,Luzern,2.5,58.0,1450.0,25.0
Maihofmatte 8,6006,Luzern,3.5,68.0,1700.0,25.0
Brünigstr. 11,6005,Luzern,2,40.0,1390.0,34.75
Ennetweg 4,6015,Luzern,3.5,79.0,1990.0,25.19
Blattenmoosstr. 4,6014,Luzern,2,60.0,1150.0,19.17
Seefeldstr. 17,6006,Luzern,3.5,72.0,1710.0,23.75
Abendweg 42,6006,Luzern,3,65.0,1410.0,21.69
St. Karliquai 9,6004,Luzern,1.5,,1225.0,
Baselstr. 43,6003,Luzern,4,66.0,1530.0,23.18
Baselstr. 43,6003,Luzern,3,55.0,1380.0,25.09
Sternmattstr. 119,6005,Luzern,2.5,,1850.0,
Matthofring 24,6005,Luzern,3.5,70.0,1715.0,24.5
Matthofring 22,6005,Luzern,3.5,70.0,1715.0,24.5
Längweiherstr. 16,6014,Luzern,3.5,75.0,1560.0,20.8
Ruopigenstr. 8,6015,Luzern,1,27.0,755.0,27.96
Ruopigenstr. 8,6015,Luzern,1,27.0,755.0,27.96
Matthofring 24,6005,Luzern,4,82.0,1600.0,19.51
Voltastr. 24,6005,Luzern,3.5,80.0,2040.0,25.5
Obermättlistr. 13,6015,Luzern,3.5,,1250.0,
Moosstr.,6003,Luzern,2.5,,1350.0,
Hirtenhofring 20,6005,Luzern,2.5,61.0,1315.0,21.56
Bruchstr. 9,6003,Luzern,2.5,56.0,1640.0,29.29
Seefeldstr. 16,6006,Luzern,3.5,95.0,2310.0,24.32
Bundesplatz 4A,6003,Luzern,2,47.0,1250.0,26.6
Grabenstr. 11,6004,Luzern,2.5,53.0,1590.0,30.0
Bruchstr. 9,6003,Luzern,2.5,42.0,1430.0,34.05
Seefeldstr. 12,6006,Luzern,3.5,96.0,2380.0,24.79
Udelbodenstr. 1,6014,Luzern,3.5,76.0,1620.0,21.32
Baselstr. 97,6003,Luzern,3,,1800.0,
Landschaustr. 19,6006,Luzern,4.5,86.0,1800.0,20.93
An Der Kleinen Emme 2,6014,Luzern,3.5,,1800.0,
Grüneggstr. 10,6005,Luzern,3.5,72.0,1725.0,23.96
Mariahilfgasse 7,6004,Luzern,2.5,76.0,1880.0,24.74
Eichmattstr. 3,6005,Luzern,3.5,81.0,1995.0,24.63
Längweiherstr. 10,6014,Luzern,2.5,56.0,1390.0,24.82
Grabenstr. 13,6004,Luzern,1.5,106.0,2100.0,19.81
,6003,Luzern,1,24.0,750.0,31.25
Hirtenhofring 19,6005,Luzern,2.5,,1735.0,
Sagenmattrain 3,6003,Luzern,2.5,40.0,1320.0,33.0
,6004,Luzern,4,100.0,1950.0,19.5
Gibraltarstr. 30,6003,Luzern,3.5,85.0,1420.0,16.71
Bergstr. 1,6004,Luzern,3.5,89.0,2190.0,24.61
Grünauring 19,6014,Luzern,3.5,87.0,1890.0,21.72
Hertensteinstr. 32,6004,Luzern,2,56.0,1560.0,27.86
Uferweg 6,6014,Luzern,2.5,,1100.0,
Claridenstr. 9,6003,Luzern,3.5,75.0,2550.0,34.0
Seefeldstr. 6,6006,Luzern,3.5,87.0,2570.0,29.54
Ennetweg 4,6015,Luzern,2,37.0,1290.0,34.86
Spannortstr. 14,6003,Luzern,4.5,104.0,1950.0,18.75
Baselstr. 27,6003,Luzern,3,60.0,1350.0,22.5
Sagenmattstr. 28,6003,Luzern,4.5,85.0,1960.0,23.06
Ruopigenstr. 8,6015,Luzern,1.5,46.0,1075.0,23.37
Schlösslihalde 31A,6006,Luzern,2.5,66.0,1790.0,27.12
Maihofstr. 68A,6006,Luzern,3.5,81.0,1670.0,20.62
Bundesplatz 4,6003,Luzern,3,90.0,1880.0,20.89
Seehof 7,6004,Luzern,1.5,32.0,1455.0,45.47
Würzenbachhalde 7,6006,Luzern,3.5,79.0,1710.0,21.65
Bernstr. 57 B,6003,Luzern,3,58.0,1510.0,26.03
Sagenmattstr. 20A,6003,Luzern,3,59.0,1450.0,24.58
Gibraltarstr. 13,6003,Luzern,1,,1100.0,
Blattenmoosstr. 2,6014,Luzern,3,50.0,1540.0,30.8
Blattenmoosstr. 2,6014,Luzern,1,25.0,700.0,28.0
Geissensteinring 51,6005,Luzern,2.5,50.0,2270.0,45.4
Neustadtstr. 8C,6003,Luzern,3.5,71.0,1710.0,24.08
Sagenmattstr. 20,6003,Luzern,3.5,106.0,1780.0,16.79
Seefeldstr. 3,6006,Luzern,4.5,140.0,2645.0,18.89
Liebenauweg 6,6006,Luzern,3.5,81.0,2000.0,24.69
Dammstr. 17,6003,Luzern,1,,1100.0,
Dammstr. 17,6003,Luzern,2,,1250.0,
Sagenmattstr. 26,6003,Luzern,4.5,80.0,1470.0,18.38
Dammstr. 17,6003,Luzern,3,80.0,1500.0,18.75
Baselstr. 63,6003,Luzern,4,70.0,1400.0,20.0
Bernstr. 57 A,6003,Luzern,4.5,84.0,1620.0,19.29
Seehof 7,6004,Luzern,1.5,31.0,1435.0,46.29
Sagenmattrain 3,6003,Luzern,4,,1570.0,
Bernstr. 9,6003,Luzern,2.5,40.0,1530.0,38.25
Bernstr. 3,6003,Luzern,2.5,42.0,1660.0,39.52
Sagenmattrain 3,6003,Luzern,4,64.0,1590.0,24.84
Bernstr. 61,6003,Luzern,3,85.0,1520.0,17.88
Brandgässli 9,6004,Luzern,3.5,60.0,6490.0,108.17
Brandgässli 9,6004,Luzern,3.5,75.0,5490.0,73.2
Brandgässli 9,6004,Luzern,3.5,75.0,5690.0,75.87
Brandgässli 9,6004,Luzern,3.5,73.0,5490.0,75.21
Brandgässli 9,6004,Luzern,2,47.0,5490.0,116.81
Brandgässli 9,6004,Luzern,1.5,43.0,5090.0,118.37
Brandgässli 9,6004,Luzern,2,38.0,5190.0,136.58
Brandgässli 9,6004,Luzern,1,22.0,4490.0,204.09
Brandgässli 9,6004,Luzern,1.5,36.0,4990.0,138.61
Brandgässli 9,6004,Luzern,1,19.0,4890.0,257.37
Tribschenstr. 24,6003,Luzern,1,15.0,1090.0,72.67
Zihlmattweg 44,6005,Luzern,2.5,43.0,1690.0,39.3
Zihlmatweg 44,6005,Luzern,1.5,31.0,1290.0,41.61
Zihlmattweg 44,6005,Luzern,1,25.0,1150.0,46.0
Neustadtstr. 16,6003,Luzern,,19.0,1753.0,92.26
Neustadtstr. 16,6003,Luzern,,13.0,1546.0,118.92
Neustadtstr. 16,6003,Luzern,,12.0,1235.0,102.92
